episode,total_reward
1,-979.0
2,-1096.0
3,-979.0
4,-1006.0
5,-1066.0
6,-1006.0
7,-943.0
8,-591.0
9,-671.0
10,-1069.0
11,-533.0
12,-880.0
13,-862.0
14,-1159.0
15,-1159.0
16,-988.0
17,-818.0
18,-997.0
19,-934.0
20,-1042.0
21,-1123.0
22,-943.0
23,-995.0
24,-804.0
25,-1024.0
26,-961.0
27,-952.0
28,-961.0
29,-878.0
30,-1024.0
31,-943.0
32,-1033.0
33,-808.0
34,-886.0
35,-988.0
36,-988.0
37,-907.0
38,-624.0
39,-878.0
40,-1051.0
41,-1024.0
42,-895.0
43,-651.0
44,-970.0
45,-167.0
46,-1033.0
47,-1051.0
48,-1069.0
49,-666.0
50,-952.0
51,-880.0
52,-527.0
53,-1024.0
54,-902.0
55,-1015.0
56,-1078.0
57,-979.0
58,-979.0
59,-997.0
60,-936.0
61,-885.0
62,-997.0
63,-925.0
64,-934.0
65,-997.0
66,-880.0
67,-1033.0
68,-1042.0
69,-898.0
70,-988.0
71,-988.0
72,-1015.0
73,-889.0
74,-775.0
75,-808.0
76,-352.0
77,-677.0
78,-997.0
79,-907.0
80,-482.0
81,-1006.0
82,-817.0
83,-997.0
84,-997.0
85,-227.0
86,-735.0
87,-979.0
88,-1006.0
89,-1006.0
90,-1087.0
91,-699.0
92,-934.0
93,-925.0
94,-961.0
95,-1015.0
96,-997.0
97,-772.0
98,-519.0
99,-830.0
100,-1069.0
101,-970.0
102,-862.0
103,-1060.0
104,-898.0
105,-934.0
106,-687.0
107,-662.0
108,-916.0
109,-1078.0
110,-943.0
111,-970.0
112,-932.0
113,-952.0
114,-916.0
115,-768.0
116,-889.0
117,-853.0
118,-760.0
119,-1087.0
120,-1060.0
121,-925.0
122,-310.0
123,-721.0
124,-1078.0
125,-1114.0
126,-970.0
127,-371.0
128,-1042.0
129,-871.0
130,-897.0
131,-1114.0
132,-745.0
133,-929.0
134,-777.0
135,-799.0
136,-670.0
137,-681.0
138,-835.0
139,-898.0
140,-761.0
141,-507.0
142,-719.0
143,-979.0
144,-439.0
145,-898.0
146,-1015.0
147,-631.0
148,-717.0
149,-934.0
150,-952.0
151,-970.0
152,-934.0
153,-970.0
154,-352.0
155,-1033.0
156,-652.0
157,-871.0
158,-498.0
159,-723.0
160,-1024.0
161,-627.0
162,-916.0
163,-934.0
164,-970.0
165,-225.0
166,-997.0
167,-486.0
168,-775.0
169,-825.0
170,-261.0
171,-659.0
172,-961.0
173,-970.0
174,-943.0
175,-796.0
176,-71.0
177,-979.0
178,-943.0
179,-970.0
180,-948.0
181,-368.0
182,-459.0
183,-620.0
184,-713.0
185,-905.0
186,-916.0
187,-1039.0
188,-1069.0
189,-608.0
190,-907.0
191,-1024.0
192,-806.0
193,-1015.0
194,-591.0
195,-970.0
196,-943.0
197,-661.0
198,-146.0
199,-970.0
200,-1015.0
201,-997.0
202,-756.0
203,-809.0
204,-450.0
205,-970.0
206,-907.0
207,-655.0
208,-456.0
209,-521.0
210,-262.0
211,-270.0
212,-352.0
213,-1060.0
214,-1006.0
215,-862.0
216,-548.0
217,-297.0
218,-798.0
219,-718.0
220,-721.0
221,-462.0
222,-961.0
223,-662.0
224,-729.0
225,-907.0
226,-211.0
227,-850.0
228,-916.0
229,-988.0
230,-434.0
231,-941.0
232,-782.0
233,-997.0
234,-970.0
235,-961.0
236,-202.0
237,-817.0
238,-874.0
239,-414.0
240,-572.0
241,-943.0
242,-1033.0
243,-952.0
244,-424.0
245,-979.0
246,-934.0
247,-791.0
248,-1006.0
249,-648.0
250,-599.0
251,-536.0
252,-1015.0
253,-421.0
254,-458.0
255,-581.0
256,-304.0
257,-1042.0
258,-84.0
259,-979.0
260,-1051.0
261,-1123.0
262,-296.0
263,-396.0
264,-898.0
265,-705.0
266,-865.0
267,-635.0
268,-1141.0
269,-862.0
270,-615.0
271,-907.0
272,-783.0
273,-795.0
274,-1042.0
275,-396.0
276,-997.0
277,-961.0
278,-988.0
279,-547.0
280,-961.0
281,-634.0
282,-934.0
283,-521.0
284,-997.0
285,-934.0
286,-824.0
287,-468.0
288,-334.0
289,-615.0
290,-953.0
291,-486.0
292,-1024.0
293,-949.0
294,-806.0
295,-943.0
296,-830.0
297,-106.0
298,-743.0
299,-623.0
300,-320.0
301,-431.0
302,-970.0
303,-306.0
304,-180.0
305,-347.0
306,-623.0
307,-880.0
308,-394.0
309,-627.0
310,-125.0
311,-952.0
312,-261.0
313,-320.0
314,-455.0
315,-53.0
316,-744.0
317,-633.0
318,-427.0
319,-488.0
320,-1096.0
321,-333.0
322,-799.0
323,-1042.0
324,-715.0
325,-872.0
326,-907.0
327,-164.0
328,-398.0
329,-456.0
330,-844.0
331,-436.0
332,-311.0
333,-784.0
334,-868.0
335,-889.0
336,-370.0
337,-361.0
338,-907.0
339,-350.0
340,-669.0
341,-440.0
342,-347.0
343,-862.0
344,-317.0
345,-191.0
346,-499.0
347,-664.0
348,-573.0
349,-1006.0
350,-771.0
351,-551.0
352,-423.0
353,-1051.0
354,-925.0
355,-356.0
356,-925.0
357,-808.0
358,-970.0
359,-356.0
360,-613.0
361,-521.0
362,-898.0
363,-700.0
364,-190.0
365,-1033.0
366,-844.0
367,-988.0
368,-538.0
369,-388.0
370,-181.0
371,-816.0
372,-961.0
373,-934.0
374,-466.0
375,-659.0
376,-610.0
377,-507.0
378,-1024.0
379,-952.0
380,-407.0
381,-562.0
382,-623.0
383,-1015.0
384,-331.0
385,-428.0
386,-1006.0
387,-952.0
388,-97.0
389,-173.0
390,-448.0
391,-365.0
392,-704.0
393,-298.0
394,-272.0
395,-174.0
396,-943.0
397,-517.0
398,-431.0
399,-934.0
400,-363.0
401,-925.0
402,-313.0
403,-244.0
404,-97.0
405,-786.0
406,-818.0
407,-997.0
408,-593.0
409,-925.0
410,-988.0
411,-869.0
412,-300.0
413,-871.0
414,-383.0
415,-817.0
416,-96.0
417,-176.0
418,-270.0
419,-431.0
420,-845.0
421,-547.0
422,-470.0
423,-314.0
424,-387.0
425,-397.0
426,-534.0
427,-105.0
428,-203.0
429,-232.0
430,-812.0
431,-799.0
432,-565.0
433,-101.0
434,-60.0
435,-675.0
436,-351.0
437,-807.0
438,-222.0
439,-810.0
440,-364.0
441,-272.0
442,-206.0
443,-817.0
444,-473.0
445,-613.0
446,-644.0
447,-706.0
448,-276.0
449,-820.0
450,-313.0
451,-961.0
452,-744.0
453,-122.0
454,-934.0
455,-211.0
456,-780.0
457,-424.0
458,-162.0
459,-247.0
460,-916.0
461,-175.0
462,-598.0
463,-925.0
464,-550.0
465,-925.0
466,-389.0
467,-310.0
468,-471.0
469,-212.0
470,-777.0
471,-460.0
472,-501.0
473,-737.0
474,-237.0
475,-916.0
476,-304.0
477,-512.0
478,-281.0
479,-189.0
480,-202.0
481,-943.0
482,-427.0
483,-553.0
484,-30.0
485,-115.0
486,-572.0
487,-194.0
488,-344.0
489,-521.0
490,-202.0
491,-740.0
492,-817.0
493,-309.0
494,-146.0
495,-369.0
496,-869.0
497,-230.0
498,-856.0
499,-497.0
500,-463.0
501,-361.0
502,-550.0
503,-898.0
504,-452.0
505,-916.0
506,-952.0
507,-671.0
508,-820.0
509,-520.0
510,-927.0
511,-445.0
512,-43.0
513,-600.0
514,-853.0
515,-477.0
516,-148.0
517,-258.0
518,-268.0
519,-256.0
520,-611.0
521,-316.0
522,-657.0
523,-129.0
524,-954.0
525,-559.0
526,-779.0
527,-345.0
528,-72.0
529,-988.0
530,-826.0
531,-723.0
532,-579.0
533,-348.0
534,-161.0
535,-325.0
536,-916.0
537,-38.0
538,-304.0
539,-880.0
540,-262.0
541,-418.0
542,-560.0
543,-270.0
544,-468.0
545,-80.0
546,-245.0
547,-462.0
548,-318.0
549,-468.0
550,-274.0
551,-186.0
552,-176.0
553,-605.0
554,-125.0
555,-934.0
556,-584.0
557,-961.0
558,-47.0
559,-389.0
560,-844.0
561,-308.0
562,-452.0
563,-340.0
564,-476.0
565,-177.0
566,-326.0
567,-178.0
568,-476.0
569,-481.0
570,-979.0
571,-558.0
572,-349.0
573,-334.0
574,-797.0
575,-385.0
576,-571.0
577,-916.0
578,-380.0
579,-425.0
580,-235.0
581,-452.0
582,-137.0
583,-424.0
584,-162.0
585,-359.0
586,-86.0
587,-351.0
588,-161.0
589,-387.0
590,-103.0
591,-244.0
592,-439.0
593,-494.0
594,-560.0
595,-853.0
596,-150.0
597,-127.0
598,-191.0
599,-850.0
600,-318.0
601,-790.0
602,-400.0
603,-352.0
604,-213.0
605,-356.0
606,-845.0
607,-472.0
608,-353.0
609,-500.0
610,-134.0
611,-184.0
612,-190.0
613,-346.0
614,-147.0
615,-753.0
616,-272.0
617,-853.0
618,-243.0
619,-253.0
620,-87.0
621,-667.0
622,-808.0
623,-786.0
624,-75.0
625,-583.0
626,-339.0
627,-151.0
628,-573.0
629,-474.0
630,-328.0
631,-755.0
632,-465.0
633,-553.0
634,-399.0
635,-441.0
636,-352.0
637,-217.0
638,-353.0
639,-466.0
640,-304.0
641,-133.0
642,-633.0
643,-164.0
644,-880.0
645,-254.0
646,-629.0
647,-448.0
648,-116.0
649,-317.0
650,-126.0
651,-136.0
652,-53.0
653,-575.0
654,-233.0
655,-198.0
656,-308.0
657,-35.0
658,-392.0
659,-104.0
660,-536.0
661,-705.0
662,-437.0
663,-38.0
664,-456.0
665,-219.0
666,-104.0
667,-1024.0
668,-934.0
669,-534.0
670,-241.0
671,-446.0
672,-661.0
673,-224.0
674,-574.0
675,-347.0
676,-510.0
677,-157.0
678,-76.0
679,-319.0
680,-317.0
681,-157.0
682,-281.0
683,-218.0
684,-200.0
685,-282.0
686,-220.0
687,-240.0
688,-907.0
689,-365.0
690,-502.0
691,-309.0
692,-155.0
693,-166.0
694,-76.0
695,-719.0
696,-173.0
697,-602.0
698,-371.0
699,-495.0
700,-684.0
701,-388.0
702,-271.0
703,-256.0
704,-37.0
705,-304.0
706,-278.0
707,-513.0
708,-295.0
709,-317.0
710,-293.0
711,-417.0
712,-218.0
713,-515.0
714,-254.0
715,-526.0
716,-413.0
717,-578.0
718,-916.0
719,-249.0
720,-276.0
721,-379.0
722,-188.0
723,-541.0
724,-400.0
725,-573.0
726,-208.0
727,-214.0
728,-294.0
729,-257.0
730,-630.0
731,-207.0
732,-146.0
733,-278.0
734,-348.0
735,-80.0
736,-220.0
737,-627.0
738,-296.0
739,-199.0
740,-69.0
741,-228.0
742,-141.0
743,-142.0
744,-647.0
745,-170.0
746,-808.0
747,-385.0
748,-256.0
749,-76.0
750,-126.0
751,-302.0
752,-516.0
753,-254.0
754,-225.0
755,-137.0
756,-325.0
757,-439.0
758,-415.0
759,-422.0
760,-342.0
761,-620.0
762,-230.0
763,-308.0
764,-170.0
765,-15.0
766,-871.0
767,-570.0
768,-391.0
769,-127.0
770,-389.0
771,-806.0
772,-22.0
773,-507.0
774,-181.0
775,-215.0
776,-79.0
777,-368.0
778,-188.0
779,-380.0
780,-676.0
781,-177.0
782,-215.0
783,-223.0
784,-99.0
785,-488.0
786,-454.0
787,-45.0
788,-248.0
789,-350.0
790,-630.0
791,-384.0
792,-322.0
793,-402.0
794,-641.0
795,-82.0
796,-245.0
797,-357.0
798,-294.0
799,-521.0
800,-272.0
801,-368.0
802,-185.0
803,-333.0
804,-466.0
805,-133.0
806,-321.0
807,-161.0
808,-502.0
809,-222.0
810,-131.0
811,-201.0
812,-453.0
813,-171.0
814,-525.0
815,-57.0
816,-180.0
817,-73.0
818,-558.0
819,-241.0
820,-531.0
821,-632.0
822,-72.0
823,-221.0
824,-333.0
825,-192.0
826,-209.0
827,-253.0
828,-634.0
829,-37.0
830,-350.0
831,-137.0
832,-210.0
833,-197.0
834,-568.0
835,-150.0
836,-134.0
837,-489.0
838,-441.0
839,-348.0
840,-78.0
841,-245.0
842,-94.0
843,-228.0
844,-355.0
845,-208.0
846,-182.0
847,-421.0
848,-238.0
849,-82.0
850,-50.0
851,-89.0
852,-73.0
853,-158.0
854,-165.0
855,-453.0
856,-145.0
857,-62.0
858,-176.0
859,-123.0
860,-318.0
861,-249.0
862,-329.0
863,-252.0
864,-204.0
865,-171.0
866,-188.0
867,-145.0
868,-123.0
869,-557.0
870,-46.0
871,-389.0
872,-386.0
873,-146.0
874,-403.0
875,-275.0
876,-120.0
877,-272.0
878,-348.0
879,-194.0
880,-306.0
881,-145.0
882,-133.0
883,-300.0
884,-407.0
885,-199.0
886,-684.0
887,-257.0
888,-219.0
889,-31.0
890,-51.0
891,-153.0
892,-260.0
893,-241.0
894,-772.0
895,-660.0
896,-255.0
897,-58.0
898,-193.0
899,-311.0
900,-49.0
901,-474.0
902,-342.0
903,-115.0
904,-167.0
905,-158.0
906,-57.0
907,-97.0
908,-171.0
909,-127.0
910,-264.0
911,-108.0
912,-254.0
913,-193.0
914,-254.0
915,-183.0
916,-147.0
917,-206.0
918,-403.0
919,-98.0
920,-432.0
921,-236.0
922,-92.0
923,-58.0
924,-393.0
925,-150.0
926,-943.0
927,-228.0
928,-158.0
929,-340.0
930,-52.0
931,-31.0
932,-241.0
933,-347.0
934,-9.0
935,-161.0
936,-88.0
937,-333.0
938,-434.0
939,-294.0
940,-161.0
941,-301.0
942,-237.0
943,-241.0
944,-233.0
945,-102.0
946,-538.0
947,-213.0
948,-629.0
949,-598.0
950,-269.0
951,-277.0
952,-190.0
953,-165.0
954,-445.0
955,-456.0
956,-493.0
957,-305.0
958,-206.0
959,-99.0
960,-150.0
961,-222.0
962,-369.0
963,-322.0
964,-231.0
965,-259.0
966,-213.0
967,-350.0
968,-222.0
969,-234.0
970,-574.0
971,-354.0
972,-127.0
973,-344.0
974,-92.0
975,-354.0
976,-135.0
977,-630.0
978,-337.0
979,-18.0
980,-159.0
981,-529.0
982,-10.0
983,-224.0
984,-107.0
985,-233.0
986,-592.0
987,-317.0
988,-13.0
989,-327.0
990,-103.0
991,-117.0
992,-133.0
993,-71.0
994,-466.0
995,-370.0
996,-358.0
997,-162.0
998,-333.0
999,-203.0
1000,-230.0
1001,-16.0
1002,-167.0
1003,-103.0
1004,-176.0
1005,-240.0
1006,-217.0
1007,-137.0
1008,-209.0
1009,-312.0
1010,-224.0
1011,-268.0
1012,-123.0
1013,-226.0
1014,-189.0
1015,-651.0
1016,-161.0
1017,-145.0
1018,-412.0
1019,-108.0
1020,-324.0
1021,-207.0
1022,-275.0
1023,-306.0
1024,-153.0
1025,-317.0
1026,-85.0
1027,-71.0
1028,-183.0
1029,-345.0
1030,-172.0
1031,-372.0
1032,-90.0
1033,-19.0
1034,-486.0
1035,-73.0
1036,-291.0
1037,-163.0
1038,-33.0
1039,-323.0
1040,-271.0
1041,-95.0
1042,-102.0
1043,-135.0
1044,-289.0
1045,-166.0
1046,-206.0
1047,-204.0
1048,-294.0
1049,-155.0
1050,-350.0
1051,-241.0
1052,-249.0
1053,-95.0
1054,-195.0
1055,-89.0
1056,-116.0
1057,-119.0
1058,-169.0
1059,-333.0
1060,-148.0
1061,-361.0
1062,-142.0
1063,-175.0
1064,-183.0
1065,-134.0
1066,-133.0
1067,-32.0
1068,-341.0
1069,-247.0
1070,-246.0
1071,-164.0
1072,-19.0
1073,-91.0
1074,-203.0
1075,-103.0
1076,-155.0
1077,-202.0
1078,-310.0
1079,-74.0
1080,-506.0
1081,-359.0
1082,-76.0
1083,-302.0
1084,-51.0
1085,-484.0
1086,-280.0
1087,-315.0
1088,-74.0
1089,-161.0
1090,-347.0
1091,-175.0
1092,-164.0
1093,-421.0
1094,-62.0
1095,-124.0
1096,-72.0
1097,-76.0
1098,-228.0
1099,-64.0
1100,-84.0
1101,-429.0
1102,-227.0
1103,-96.0
1104,-118.0
1105,-206.0
1106,-247.0
1107,-88.0
1108,-225.0
1109,-100.0
1110,-148.0
1111,-296.0
1112,-62.0
1113,-123.0
1114,-89.0
1115,-50.0
1116,-214.0
1117,-64.0
1118,-299.0
1119,-114.0
1120,-372.0
1121,-245.0
1122,-269.0
1123,-134.0
1124,-241.0
1125,-211.0
1126,-66.0
1127,-227.0
1128,-217.0
1129,-120.0
1130,-174.0
1131,-79.0
1132,-126.0
1133,-56.0
1134,-101.0
1135,-171.0
1136,-48.0
1137,-107.0
1138,-238.0
1139,-198.0
1140,-131.0
1141,-92.0
1142,-315.0
1143,-91.0
1144,-144.0
1145,-178.0
1146,-98.0
1147,-238.0
1148,-175.0
1149,-223.0
1150,-158.0
1151,-399.0
1152,-62.0
1153,-223.0
1154,-184.0
1155,-411.0
1156,-295.0
1157,-164.0
1158,-316.0
1159,-345.0
1160,-110.0
1161,-310.0
1162,-97.0
1163,-197.0
1164,-219.0
1165,-147.0
1166,-114.0
1167,-358.0
1168,-274.0
1169,-196.0
1170,-190.0
1171,-237.0
1172,-88.0
1173,-199.0
1174,-216.0
1175,-213.0
1176,-184.0
1177,-52.0
1178,-70.0
1179,-117.0
1180,-89.0
1181,-351.0
1182,-143.0
1183,-60.0
1184,-88.0
1185,-367.0
1186,-164.0
1187,-160.0
1188,-89.0
1189,-286.0
1190,-104.0
1191,-181.0
1192,-57.0
1193,-63.0
1194,-342.0
1195,-185.0
1196,-24.0
1197,-165.0
1198,-115.0
1199,-236.0
1200,-57.0
1201,-144.0
1202,-338.0
1203,-50.0
1204,-729.0
1205,-204.0
1206,-231.0
1207,-376.0
1208,-90.0
1209,-109.0
1210,-229.0
1211,-217.0
1212,-27.0
1213,-129.0
1214,-124.0
1215,-189.0
1216,1.0
1217,-188.0
1218,-69.0
1219,-194.0
1220,-39.0
1221,-207.0
1222,-113.0
1223,-62.0
1224,-238.0
1225,-370.0
1226,-86.0
1227,-144.0
1228,-113.0
1229,-103.0
1230,-89.0
1231,-198.0
1232,-272.0
1233,-155.0
1234,-205.0
1235,-114.0
1236,-120.0
1237,-234.0
1238,-155.0
1239,-34.0
1240,-105.0
1241,-182.0
1242,-69.0
1243,-120.0
1244,-62.0
1245,-154.0
1246,-60.0
1247,-294.0
1248,-169.0
1249,-156.0
1250,-48.0
1251,-197.0
1252,-144.0
1253,-152.0
1254,-145.0
1255,-469.0
1256,-188.0
1257,-170.0
1258,-183.0
1259,-61.0
1260,-121.0
1261,-210.0
1262,-70.0
1263,-35.0
1264,-227.0
1265,-51.0
1266,-359.0
1267,-114.0
1268,-151.0
1269,-23.0
1270,-205.0
1271,-246.0
1272,-81.0
1273,-95.0
1274,-443.0
1275,-125.0
1276,-155.0
1277,-171.0
1278,-86.0
1279,-117.0
1280,-118.0
1281,-258.0
1282,-126.0
1283,-122.0
1284,-88.0
1285,-179.0
1286,-267.0
1287,-421.0
1288,-198.0
1289,-111.0
1290,-100.0
1291,-199.0
1292,-148.0
1293,-80.0
1294,-310.0
1295,-362.0
1296,-19.0
1297,-278.0
1298,-59.0
1299,-36.0
1300,-70.0
1301,-322.0
1302,-77.0
1303,-135.0
1304,-83.0
1305,-40.0
1306,0.0
1307,-32.0
1308,-538.0
1309,-90.0
1310,-184.0
1311,-61.0
1312,-65.0
1313,-104.0
1314,-117.0
1315,-185.0
1316,-140.0
1317,-53.0
1318,-87.0
1319,-271.0
1320,-144.0
1321,-163.0
1322,-183.0
1323,-156.0
1324,-155.0
1325,-163.0
1326,-205.0
1327,-112.0
1328,-90.0
1329,-255.0
1330,-120.0
1331,-95.0
1332,-180.0
1333,-54.0
1334,-133.0
1335,-104.0
1336,-26.0
1337,-110.0
1338,-208.0
1339,-86.0
1340,-99.0
1341,-223.0
1342,-225.0
1343,-216.0
1344,-169.0
1345,-98.0
1346,-99.0
1347,-105.0
1348,-88.0
1349,-75.0
1350,-185.0
1351,-38.0
1352,-137.0
1353,-44.0
1354,-32.0
1355,-212.0
1356,-7.0
1357,-51.0
1358,-246.0
1359,-199.0
1360,-124.0
1361,-106.0
1362,-141.0
1363,-137.0
1364,-116.0
1365,-74.0
1366,-8.0
1367,-60.0
1368,-175.0
1369,-96.0
1370,-301.0
1371,-106.0
1372,-25.0
1373,10.0
1374,-68.0
1375,-105.0
1376,-160.0
1377,-59.0
1378,-93.0
1379,-112.0
1380,-45.0
1381,-187.0
1382,-112.0
1383,-157.0
1384,-67.0
1385,-181.0
1386,-157.0
1387,-164.0
1388,-55.0
1389,-160.0
1390,-39.0
1391,-53.0
1392,-28.0
1393,-255.0
1394,-163.0
1395,-88.0
1396,-143.0
1397,-48.0
1398,-140.0
1399,-544.0
1400,-138.0
1401,-222.0
1402,-130.0
1403,-57.0
1404,-54.0
1405,-72.0
1406,-158.0
1407,-17.0
1408,-106.0
1409,-197.0
1410,-9.0
1411,-94.0
1412,-139.0
1413,-75.0
1414,-32.0
1415,-136.0
1416,-217.0
1417,-86.0
1418,-170.0
1419,-142.0
1420,-59.0
1421,-105.0
1422,-4.0
1423,-67.0
1424,-90.0
1425,-38.0
1426,-37.0
1427,-246.0
1428,-160.0
1429,-97.0
1430,-123.0
1431,-55.0
1432,-173.0
1433,-18.0
1434,-105.0
1435,-220.0
1436,-128.0
1437,-140.0
1438,-101.0
1439,-29.0
1440,-84.0
1441,-179.0
1442,-155.0
1443,-89.0
1444,-149.0
1445,-167.0
1446,-83.0
1447,-153.0
1448,-118.0
1449,-23.0
1450,-404.0
1451,-97.0
1452,-106.0
1453,-312.0
1454,-63.0
1455,-260.0
1456,-173.0
1457,-250.0
1458,-44.0
1459,-169.0
1460,-79.0
1461,-241.0
1462,-99.0
1463,-148.0
1464,-53.0
1465,-168.0
1466,-179.0
1467,-58.0
1468,-38.0
1469,-34.0
1470,-30.0
1471,-65.0
1472,-156.0
1473,-154.0
1474,-506.0
1475,-164.0
1476,-73.0
1477,-224.0
1478,-170.0
1479,-248.0
1480,-186.0
1481,-135.0
1482,-264.0
1483,-123.0
1484,-41.0
1485,-293.0
1486,-82.0
1487,-117.0
1488,-47.0
1489,-162.0
1490,-238.0
1491,-130.0
1492,-154.0
1493,-440.0
1494,-189.0
1495,-121.0
1496,-114.0
1497,-103.0
1498,-238.0
1499,-52.0
1500,-152.0
1501,-421.0
1502,-122.0
1503,-199.0
1504,-309.0
1505,-120.0
1506,-62.0
1507,-107.0
1508,-108.0
1509,-38.0
1510,-16.0
1511,-87.0
1512,-96.0
1513,-213.0
1514,-106.0
1515,-151.0
1516,-149.0
1517,-98.0
1518,-173.0
1519,-66.0
1520,-148.0
1521,-131.0
1522,-48.0
1523,-304.0
1524,-358.0
1525,-74.0
1526,-110.0
1527,-34.0
1528,-127.0
1529,-160.0
1530,-49.0
1531,-138.0
1532,-223.0
1533,-7.0
1534,-145.0
1535,-156.0
1536,-138.0
1537,-47.0
1538,-275.0
1539,-184.0
1540,-55.0
1541,-206.0
1542,-93.0
1543,-105.0
1544,-214.0
1545,-64.0
1546,-199.0
1547,-201.0
1548,-11.0
1549,1.0
1550,-42.0
1551,-191.0
1552,-232.0
1553,-159.0
1554,-73.0
1555,-41.0
1556,-41.0
1557,-82.0
1558,-83.0
1559,-138.0
1560,-154.0
1561,-94.0
1562,-86.0
1563,-135.0
1564,-86.0
1565,-166.0
1566,-102.0
1567,-109.0
1568,-18.0
1569,-53.0
1570,-139.0
1571,-32.0
1572,-62.0
1573,-111.0
1574,-80.0
1575,-195.0
1576,-201.0
1577,-96.0
1578,-30.0
1579,-120.0
1580,-54.0
1581,-113.0
1582,-92.0
1583,-77.0
1584,-107.0
1585,-131.0
1586,-68.0
1587,-253.0
1588,-102.0
1589,-214.0
1590,-158.0
1591,-338.0
1592,-428.0
1593,-12.0
1594,-76.0
1595,-31.0
1596,-140.0
1597,-94.0
1598,-153.0
1599,10.0
1600,-132.0
1601,-34.0
1602,-120.0
1603,-25.0
1604,-53.0
1605,-148.0
1606,-110.0
1607,-116.0
1608,-147.0
1609,-133.0
1610,-79.0
1611,-165.0
1612,-117.0
1613,-143.0
1614,-25.0
1615,-66.0
1616,-12.0
1617,-53.0
1618,-187.0
1619,-99.0
1620,-69.0
1621,-77.0
1622,-97.0
1623,-35.0
1624,-62.0
1625,-69.0
1626,-153.0
1627,-51.0
1628,-106.0
1629,-240.0
1630,-34.0
1631,-74.0
1632,-200.0
1633,-11.0
1634,13.0
1635,-56.0
1636,2.0
1637,-44.0
1638,-206.0
1639,-157.0
1640,-89.0
1641,-98.0
1642,-48.0
1643,-47.0
1644,-84.0
1645,-74.0
1646,-67.0
1647,-84.0
1648,-29.0
1649,-209.0
1650,-184.0
1651,-172.0
1652,-120.0
1653,-33.0
1654,-144.0
1655,-46.0
1656,-141.0
1657,-108.0
1658,-102.0
1659,-55.0
1660,-236.0
1661,-61.0
1662,-34.0
1663,-59.0
1664,-142.0
1665,-24.0
1666,-34.0
1667,-83.0
1668,-67.0
1669,-115.0
1670,-28.0
1671,-13.0
1672,-32.0
1673,-83.0
1674,-53.0
1675,-134.0
1676,-36.0
1677,-118.0
1678,-30.0
1679,-118.0
1680,-1.0
1681,-35.0
1682,-208.0
1683,-116.0
1684,-74.0
1685,-186.0
1686,-33.0
1687,-137.0
1688,-27.0
1689,-103.0
1690,-14.0
1691,-95.0
1692,-156.0
1693,-97.0
1694,-105.0
1695,-56.0
1696,-24.0
1697,-44.0
1698,-194.0
1699,-148.0
1700,-86.0
1701,-72.0
1702,-51.0
1703,-37.0
1704,-131.0
1705,-102.0
1706,-143.0
1707,-35.0
1708,-111.0
1709,-38.0
1710,-59.0
1711,-171.0
1712,-60.0
1713,-20.0
1714,-57.0
1715,-120.0
1716,-20.0
1717,-105.0
1718,-195.0
1719,-43.0
1720,-70.0
1721,-111.0
1722,-146.0
1723,-95.0
1724,-85.0
1725,-152.0
1726,-53.0
1727,-40.0
1728,-48.0
1729,-71.0
1730,-156.0
1731,-38.0
1732,-13.0
1733,-93.0
1734,-8.0
1735,-114.0
1736,-92.0
1737,-58.0
1738,-139.0
1739,-21.0
1740,-121.0
1741,-90.0
1742,-66.0
1743,-199.0
1744,-113.0
1745,2.0
1746,-45.0
1747,-2.0
1748,-38.0
1749,-81.0
1750,-32.0
1751,-60.0
1752,-132.0
1753,-109.0
1754,-92.0
1755,-37.0
1756,-69.0
1757,-222.0
1758,-49.0
1759,-58.0
1760,-175.0
1761,-40.0
1762,-26.0
1763,-77.0
1764,-47.0
1765,-76.0
1766,-67.0
1767,-46.0
1768,-103.0
1769,-74.0
1770,-98.0
1771,-27.0
1772,-152.0
1773,-106.0
1774,-71.0
1775,-79.0
1776,-124.0
1777,-88.0
1778,-38.0
1779,-94.0
1780,-63.0
1781,-122.0
1782,-21.0
1783,-124.0
1784,-108.0
1785,-45.0
1786,-96.0
1787,-54.0
1788,-130.0
1789,-47.0
1790,-15.0
1791,-27.0
1792,-85.0
1793,-90.0
1794,-99.0
1795,-21.0
1796,-45.0
1797,-28.0
1798,-38.0
1799,-107.0
1800,-41.0
1801,-71.0
1802,-30.0
1803,-30.0
1804,-111.0
1805,-34.0
1806,-40.0
1807,-94.0
1808,-167.0
1809,-111.0
1810,-83.0
1811,-90.0
1812,-103.0
1813,-29.0
1814,-38.0
1815,-43.0
1816,-34.0
1817,-56.0
1818,-216.0
1819,-54.0
1820,-5.0
1821,-19.0
1822,-90.0
1823,-86.0
1824,-81.0
1825,-62.0
1826,-232.0
1827,-86.0
1828,-64.0
1829,-131.0
1830,-64.0
1831,-59.0
1832,-74.0
1833,-25.0
1834,-148.0
1835,-44.0
1836,-83.0
1837,-150.0
1838,-107.0
1839,-48.0
1840,-69.0
1841,-15.0
1842,-129.0
1843,-88.0
1844,-52.0
1845,-146.0
1846,-34.0
1847,-66.0
1848,-40.0
1849,-1.0
1850,-84.0
1851,-76.0
1852,-158.0
1853,-125.0
1854,-8.0
1855,-76.0
1856,-161.0
1857,-90.0
1858,-34.0
1859,-160.0
1860,-71.0
1861,-131.0
1862,-46.0
1863,-48.0
1864,-74.0
1865,-160.0
1866,-48.0
1867,-93.0
1868,-89.0
1869,-71.0
1870,-104.0
1871,-45.0
1872,-155.0
1873,-75.0
1874,-136.0
1875,-58.0
1876,-90.0
1877,-93.0
1878,7.0
1879,-131.0
1880,-42.0
1881,-48.0
1882,-121.0
1883,-144.0
1884,-11.0
1885,-91.0
1886,6.0
1887,-31.0
1888,-16.0
1889,-292.0
1890,-100.0
1891,-24.0
1892,-110.0
1893,-89.0
1894,-17.0
1895,-23.0
1896,-144.0
1897,-194.0
1898,-22.0
1899,-29.0
1900,-89.0
1901,-53.0
1902,2.0
1903,-24.0
1904,-90.0
1905,-10.0
1906,-148.0
1907,2.0
1908,-45.0
1909,-114.0
1910,-70.0
1911,-112.0
1912,-60.0
1913,-15.0
1914,-90.0
1915,-57.0
1916,1.0
1917,-70.0
1918,-61.0
1919,-176.0
1920,-72.0
1921,-162.0
1922,-33.0
1923,-98.0
1924,-131.0
1925,-105.0
1926,-118.0
1927,-48.0
1928,-80.0
1929,-180.0
1930,-104.0
1931,-54.0
1932,-32.0
1933,-89.0
1934,-127.0
1935,-15.0
1936,-76.0
1937,-138.0
1938,-36.0
1939,-74.0
1940,-59.0
1941,-78.0
1942,-85.0
1943,-31.0
1944,-30.0
1945,-104.0
1946,-4.0
1947,-187.0
1948,-65.0
1949,-100.0
1950,-95.0
1951,-94.0
1952,-34.0
1953,-79.0
1954,-44.0
1955,-80.0
1956,-37.0
1957,-124.0
1958,-84.0
1959,-65.0
1960,2.0
1961,-113.0
1962,-71.0
1963,-73.0
1964,-140.0
1965,-53.0
1966,-31.0
1967,-101.0
1968,-26.0
1969,-79.0
1970,-5.0
1971,-110.0
1972,-120.0
1973,-18.0
1974,-31.0
1975,-29.0
1976,-74.0
1977,-60.0
1978,-259.0
1979,0.0
1980,-5.0
1981,-72.0
1982,-79.0
1983,-69.0
1984,-86.0
1985,-44.0
1986,-55.0
1987,-140.0
1988,-63.0
1989,-89.0
1990,-17.0
1991,-70.0
1992,-159.0
1993,-56.0
1994,-70.0
1995,-78.0
1996,-40.0
1997,-66.0
1998,-44.0
1999,-56.0
2000,-27.0
2001,-21.0
2002,-118.0
2003,-64.0
2004,-80.0
2005,-158.0
2006,-17.0
2007,-71.0
2008,-54.0
2009,-13.0
2010,-69.0
2011,-34.0
2012,-98.0
2013,-49.0
2014,-66.0
2015,-46.0
2016,-105.0
2017,-52.0
2018,-120.0
2019,-48.0
2020,-28.0
2021,-4.0
2022,-127.0
2023,-33.0
2024,-73.0
2025,-70.0
2026,-33.0
2027,-55.0
2028,-147.0
2029,-119.0
2030,-17.0
2031,-23.0
2032,-53.0
2033,-134.0
2034,-76.0
2035,-53.0
2036,-35.0
2037,-102.0
2038,-124.0
2039,-57.0
2040,-112.0
2041,-56.0
2042,-178.0
2043,-26.0
2044,-71.0
2045,-184.0
2046,-5.0
2047,-28.0
2048,-69.0
2049,-40.0
2050,-116.0
2051,-197.0
2052,-51.0
2053,-104.0
2054,-49.0
2055,-57.0
2056,-19.0
2057,-25.0
2058,-43.0
2059,12.0
2060,-15.0
2061,-41.0
2062,-12.0
2063,-92.0
2064,-68.0
2065,-10.0
2066,-130.0
2067,-66.0
2068,-8.0
2069,-4.0
2070,-10.0
2071,-85.0
2072,-7.0
2073,-8.0
2074,-164.0
2075,-55.0
2076,-83.0
2077,-20.0
2078,-12.0
2079,-25.0
2080,-76.0
2081,-23.0
2082,-87.0
2083,-146.0
2084,-152.0
2085,-32.0
2086,-33.0
2087,-30.0
2088,-203.0
2089,-58.0
2090,-93.0
2091,-144.0
2092,-3.0
2093,-57.0
2094,-104.0
2095,-56.0
2096,-51.0
2097,-75.0
2098,-51.0
2099,-54.0
2100,-8.0
2101,-47.0
2102,-63.0
2103,-215.0
2104,-85.0
2105,-131.0
2106,-71.0
2107,-27.0
2108,-84.0
2109,-56.0
2110,-124.0
2111,-73.0
2112,-80.0
2113,-92.0
2114,-1.0
2115,-47.0
2116,-43.0
2117,-24.0
2118,-79.0
2119,-26.0
2120,-25.0
2121,-103.0
2122,-48.0
2123,-122.0
2124,-34.0
2125,-72.0
2126,-11.0
2127,-43.0
2128,-80.0
2129,-72.0
2130,-143.0
2131,-16.0
2132,-27.0
2133,-92.0
2134,-64.0
2135,-85.0
2136,-1.0
2137,-33.0
2138,-75.0
2139,-67.0
2140,-43.0
2141,-88.0
2142,-39.0
2143,-77.0
2144,-90.0
2145,-100.0
2146,-66.0
2147,-136.0
2148,-108.0
2149,-78.0
2150,-31.0
2151,-57.0
2152,-82.0
2153,8.0
2154,-34.0
2155,-63.0
2156,-80.0
2157,-47.0
2158,-47.0
2159,-82.0
2160,-117.0
2161,9.0
2162,-1.0
2163,-70.0
2164,-5.0
2165,-6.0
2166,-52.0
2167,-26.0
2168,-63.0
2169,-79.0
2170,-224.0
2171,-13.0
2172,-69.0
2173,-114.0
2174,-60.0
2175,-98.0
2176,-64.0
2177,-129.0
2178,-105.0
2179,-91.0
2180,-35.0
2181,-21.0
2182,-32.0
2183,-60.0
2184,-14.0
2185,-8.0
2186,-26.0
2187,-69.0
2188,-12.0
2189,-52.0
2190,-71.0
2191,-73.0
2192,-79.0
2193,-97.0
2194,-1.0
2195,-27.0
2196,-24.0
2197,-45.0
2198,-90.0
2199,-161.0
2200,-58.0
2201,-131.0
2202,-49.0
2203,-44.0
2204,-15.0
2205,-83.0
2206,-43.0
2207,-87.0
2208,-64.0
2209,-13.0
2210,-89.0
2211,-30.0
2212,-39.0
2213,-29.0
2214,-25.0
2215,-117.0
2216,-64.0
2217,-80.0
2218,-43.0
2219,-28.0
2220,-16.0
2221,-38.0
2222,-32.0
2223,-49.0
2224,-5.0
2225,-55.0
2226,-21.0
2227,-73.0
2228,-81.0
2229,-86.0
2230,-99.0
2231,4.0
2232,-13.0
2233,-7.0
2234,-64.0
2235,-47.0
2236,-31.0
2237,-28.0
2238,-45.0
2239,-71.0
2240,-43.0
2241,-39.0
2242,-82.0
2243,-49.0
2244,-49.0
2245,6.0
2246,-47.0
2247,-50.0
2248,-77.0
2249,-116.0
2250,-43.0
2251,-38.0
2252,-5.0
2253,-41.0
2254,-68.0
2255,-54.0
2256,-86.0
2257,-49.0
2258,-69.0
2259,6.0
2260,-62.0
2261,-114.0
2262,-28.0
2263,-39.0
2264,-27.0
2265,-40.0
2266,-86.0
2267,-42.0
2268,-65.0
2269,14.0
2270,-50.0
2271,-138.0
2272,-103.0
2273,-64.0
2274,12.0
2275,-83.0
2276,-75.0
2277,-10.0
2278,-103.0
2279,-15.0
2280,12.0
2281,-126.0
2282,-71.0
2283,-19.0
2284,-50.0
2285,-141.0
2286,-18.0
2287,-11.0
2288,-52.0
2289,-34.0
2290,3.0
2291,-53.0
2292,-48.0
2293,-50.0
2294,-14.0
2295,-103.0
2296,-85.0
2297,1.0
2298,-66.0
2299,-31.0
2300,-140.0
2301,-140.0
2302,-22.0
2303,-35.0
2304,-97.0
2305,-23.0
2306,-83.0
2307,-29.0
2308,-65.0
2309,-92.0
2310,-26.0
2311,-11.0
2312,-39.0
2313,-31.0
2314,-34.0
2315,-160.0
2316,-11.0
2317,-35.0
2318,-41.0
2319,-27.0
2320,-41.0
2321,-84.0
2322,-22.0
2323,-82.0
2324,-40.0
2325,-5.0
2326,-1.0
2327,-67.0
2328,-38.0
2329,-47.0
2330,-41.0
2331,-33.0
2332,-67.0
2333,-84.0
2334,-24.0
2335,-39.0
2336,-100.0
2337,-54.0
2338,-199.0
2339,-43.0
2340,-32.0
2341,-11.0
2342,-14.0
2343,-9.0
2344,-10.0
2345,-25.0
2346,-101.0
2347,-14.0
2348,-40.0
2349,-50.0
2350,-52.0
2351,-97.0
2352,-31.0
2353,-19.0
2354,-22.0
2355,-2.0
2356,-136.0
2357,-16.0
2358,-36.0
2359,10.0
2360,-11.0
2361,-31.0
2362,-99.0
2363,-2.0
2364,-67.0
2365,-15.0
2366,-42.0
2367,-76.0
2368,-64.0
2369,-44.0
2370,-38.0
2371,-19.0
2372,-6.0
2373,-47.0
2374,-20.0
2375,-37.0
2376,-83.0
2377,-89.0
2378,-29.0
2379,-64.0
2380,-120.0
2381,-1.0
2382,-86.0
2383,3.0
2384,-80.0
2385,-45.0
2386,-47.0
2387,9.0
2388,-81.0
2389,-64.0
2390,-86.0
2391,-65.0
2392,-13.0
2393,12.0
2394,-23.0
2395,-65.0
2396,-12.0
2397,-73.0
2398,-99.0
2399,-36.0
2400,-78.0
2401,-8.0
2402,-21.0
2403,-62.0
2404,1.0
2405,-26.0
2406,-11.0
2407,-19.0
2408,-102.0
2409,-50.0
2410,-104.0
2411,-78.0
2412,-31.0
2413,-54.0
2414,-45.0
2415,-26.0
2416,-30.0
2417,-38.0
2418,-107.0
2419,-33.0
2420,-18.0
2421,-21.0
2422,12.0
2423,-17.0
2424,-41.0
2425,-83.0
2426,-33.0
2427,-122.0
2428,-86.0
2429,-23.0
2430,-7.0
2431,-25.0
2432,-50.0
2433,-23.0
2434,-22.0
2435,-38.0
2436,-41.0
2437,-18.0
2438,-50.0
2439,-70.0
2440,-125.0
2441,6.0
2442,-41.0
2443,-51.0
2444,3.0
2445,-17.0
2446,-31.0
2447,1.0
2448,-4.0
2449,-18.0
2450,9.0
2451,-74.0
2452,-24.0
2453,-57.0
2454,-85.0
2455,-5.0
2456,-76.0
2457,-30.0
2458,-117.0
2459,-63.0
2460,-46.0
2461,-37.0
2462,-40.0
2463,-65.0
2464,-155.0
2465,-40.0
2466,-13.0
2467,10.0
2468,-97.0
2469,-65.0
2470,-165.0
2471,-23.0
2472,-19.0
2473,-10.0
2474,-64.0
2475,-4.0
2476,11.0
2477,-32.0
2478,-97.0
2479,-37.0
2480,-17.0
2481,-50.0
2482,-61.0
2483,-52.0
2484,-91.0
2485,-12.0
2486,4.0
2487,-36.0
2488,-79.0
2489,-15.0
2490,-143.0
2491,-19.0
2492,-20.0
2493,-73.0
2494,-50.0
2495,-88.0
2496,-53.0
2497,-24.0
2498,-30.0
2499,-15.0
2500,-122.0
2501,-43.0
2502,-97.0
2503,-38.0
2504,-13.0
2505,-65.0
2506,-64.0
2507,-56.0
2508,-5.0
2509,-64.0
2510,-74.0
2511,-16.0
2512,11.0
2513,-45.0
2514,-39.0
2515,-33.0
2516,-31.0
2517,-10.0
2518,-27.0
2519,-70.0
2520,-4.0
2521,-34.0
2522,-9.0
2523,-5.0
2524,-88.0
2525,-10.0
2526,-26.0
2527,-15.0
2528,-16.0
2529,-56.0
2530,-23.0
2531,-34.0
2532,-50.0
2533,-19.0
2534,-51.0
2535,-60.0
2536,-14.0
2537,1.0
2538,4.0
2539,-9.0
2540,8.0
2541,-45.0
2542,-9.0
2543,-11.0
2544,-17.0
2545,-8.0
2546,-53.0
2547,-58.0
2548,-21.0
2549,4.0
2550,2.0
2551,-17.0
2552,-63.0
2553,-32.0
2554,-25.0
2555,-62.0
2556,-45.0
2557,-31.0
2558,-28.0
2559,-39.0
2560,7.0
2561,-41.0
2562,-43.0
2563,-33.0
2564,-19.0
2565,3.0
2566,2.0
2567,-52.0
2568,-30.0
2569,-3.0
2570,-18.0
2571,-76.0
2572,-19.0
2573,-67.0
2574,-14.0
2575,-45.0
2576,-65.0
2577,-117.0
2578,-9.0
2579,-32.0
2580,-22.0
2581,-14.0
2582,-67.0
2583,-10.0
2584,-14.0
2585,-36.0
2586,-57.0
2587,-34.0
2588,8.0
2589,-61.0
2590,-29.0
2591,-3.0
2592,-1.0
2593,-10.0
2594,-34.0
2595,-96.0
2596,-17.0
2597,-54.0
2598,-64.0
2599,-38.0
2600,-57.0
2601,2.0
2602,-71.0
2603,-49.0
2604,-88.0
2605,-83.0
2606,-2.0
2607,-67.0
2608,7.0
2609,-29.0
2610,11.0
2611,-110.0
2612,-60.0
2613,-64.0
2614,-75.0
2615,-20.0
2616,-32.0
2617,-42.0
2618,-37.0
2619,-4.0
2620,-1.0
2621,-22.0
2622,-37.0
2623,-36.0
2624,13.0
2625,-91.0
2626,-46.0
2627,2.0
2628,-52.0
2629,-62.0
2630,-42.0
2631,-100.0
2632,-30.0
2633,-39.0
2634,-42.0
2635,-30.0
2636,-31.0
2637,-107.0
2638,-22.0
2639,-53.0
2640,-69.0
2641,-32.0
2642,-85.0
2643,-60.0
2644,-72.0
2645,-53.0
2646,3.0
2647,-63.0
2648,-29.0
2649,-36.0
2650,11.0
2651,-20.0
2652,-49.0
2653,-52.0
2654,-37.0
2655,0.0
2656,-13.0
2657,-39.0
2658,-29.0
2659,-43.0
2660,-41.0
2661,-83.0
2662,-11.0
2663,-34.0
2664,-93.0
2665,-22.0
2666,-46.0
2667,-11.0
2668,8.0
2669,-4.0
2670,-27.0
2671,-3.0
2672,-59.0
2673,-28.0
2674,-44.0
2675,-69.0
2676,-22.0
2677,-12.0
2678,-48.0
2679,-78.0
2680,-30.0
2681,-80.0
2682,-6.0
2683,-7.0
2684,-18.0
2685,-43.0
2686,-24.0
2687,-28.0
2688,-49.0
2689,-59.0
2690,-8.0
2691,-26.0
2692,-69.0
2693,-14.0
2694,-58.0
2695,-24.0
2696,-69.0
2697,-32.0
2698,-8.0
2699,-28.0
2700,-35.0
2701,-29.0
2702,-35.0
2703,-31.0
2704,-7.0
2705,-34.0
2706,-36.0
2707,-10.0
2708,-86.0
2709,-33.0
2710,-5.0
2711,-98.0
2712,-70.0
2713,-48.0
2714,-10.0
2715,-56.0
2716,1.0
2717,-77.0
2718,-22.0
2719,-46.0
2720,-29.0
2721,-28.0
2722,-23.0
2723,-18.0
2724,-21.0
2725,-54.0
2726,-90.0
2727,-22.0
2728,-32.0
2729,1.0
2730,-40.0
2731,8.0
2732,-45.0
2733,-33.0
2734,2.0
2735,-38.0
2736,-25.0
2737,-21.0
2738,-52.0
2739,-27.0
2740,-41.0
2741,-16.0
2742,-50.0
2743,-7.0
2744,-19.0
2745,-42.0
2746,-48.0
2747,-65.0
2748,-24.0
2749,-10.0
2750,-32.0
2751,-29.0
2752,11.0
2753,-57.0
2754,-33.0
2755,-64.0
2756,-29.0
2757,-11.0
2758,-48.0
2759,4.0
2760,-6.0
2761,1.0
2762,-10.0
2763,-34.0
2764,-30.0
2765,8.0
2766,-26.0
2767,-53.0
2768,-11.0
2769,-60.0
2770,-41.0
2771,3.0
2772,10.0
2773,-59.0
2774,-17.0
2775,-163.0
2776,-38.0
2777,-13.0
2778,-42.0
2779,-9.0
2780,7.0
2781,-36.0
2782,2.0
2783,5.0
2784,-24.0
2785,-13.0
2786,-31.0
2787,-1.0
2788,-59.0
2789,10.0
2790,-29.0
2791,-6.0
2792,8.0
2793,-79.0
2794,9.0
2795,-30.0
2796,-31.0
2797,-45.0
2798,-35.0
2799,-113.0
2800,-48.0
2801,-50.0
2802,10.0
2803,1.0
2804,-1.0
2805,-4.0
2806,-31.0
2807,0.0
2808,-22.0
2809,-60.0
2810,-40.0
2811,7.0
2812,-30.0
2813,-20.0
2814,-11.0
2815,10.0
2816,-12.0
2817,-47.0
2818,-76.0
2819,-24.0
2820,-37.0
2821,8.0
2822,-43.0
2823,-27.0
2824,-6.0
2825,-24.0
2826,4.0
2827,13.0
2828,-69.0
2829,-4.0
2830,-46.0
2831,-76.0
2832,7.0
2833,0.0
2834,-38.0
2835,-22.0
2836,-83.0
2837,-27.0
2838,-22.0
2839,-29.0
2840,-20.0
2841,-20.0
2842,-23.0
2843,-36.0
2844,10.0
2845,-36.0
2846,-56.0
2847,-38.0
2848,-37.0
2849,-13.0
2850,-27.0
2851,-20.0
2852,-36.0
2853,-17.0
2854,-23.0
2855,-4.0
2856,-58.0
2857,-33.0
2858,-5.0
2859,-74.0
2860,-17.0
2861,-11.0
2862,8.0
2863,7.0
2864,-57.0
2865,-36.0
2866,-4.0
2867,-53.0
2868,-23.0
2869,-29.0
2870,-27.0
2871,-26.0
2872,13.0
2873,-15.0
2874,-18.0
2875,-14.0
2876,10.0
2877,-26.0
2878,-12.0
2879,-10.0
2880,-14.0
2881,-61.0
2882,-47.0
2883,-27.0
2884,9.0
2885,-16.0
2886,-51.0
2887,-32.0
2888,12.0
2889,-8.0
2890,-55.0
2891,-10.0
2892,6.0
2893,-49.0
2894,-62.0
2895,-45.0
2896,-80.0
2897,-50.0
2898,-1.0
2899,-44.0
2900,13.0
2901,-21.0
2902,-17.0
2903,-23.0
2904,-15.0
2905,-32.0
2906,-15.0
2907,-4.0
2908,-31.0
2909,-24.0
2910,-3.0
2911,5.0
2912,-11.0
2913,-38.0
2914,-3.0
2915,-24.0
2916,-105.0
2917,-5.0
2918,9.0
2919,-146.0
2920,-19.0
2921,-62.0
2922,-54.0
2923,-6.0
2924,-36.0
2925,-27.0
2926,-59.0
2927,-37.0
2928,-25.0
2929,14.0
2930,-29.0
2931,-25.0
2932,-21.0
2933,-24.0
2934,-13.0
2935,-1.0
2936,-11.0
2937,-52.0
2938,-29.0
2939,-45.0
2940,-27.0
2941,-66.0
2942,-34.0
2943,-22.0
2944,-53.0
2945,-55.0
2946,-6.0
2947,-14.0
2948,-30.0
2949,-33.0
2950,-14.0
2951,-1.0
2952,-2.0
2953,-22.0
2954,-21.0
2955,-8.0
2956,-34.0
2957,-51.0
2958,-20.0
2959,-80.0
2960,-19.0
2961,3.0
2962,-50.0
2963,-71.0
2964,-3.0
2965,-81.0
2966,1.0
2967,-29.0
2968,4.0
2969,-32.0
2970,8.0
2971,-54.0
2972,8.0
2973,-52.0
2974,-44.0
2975,-14.0
2976,-18.0
2977,-45.0
2978,-23.0
2979,-19.0
2980,-35.0
2981,-3.0
2982,-14.0
2983,-24.0
2984,-53.0
2985,-89.0
2986,-27.0
2987,-13.0
2988,-10.0
2989,-24.0
2990,-41.0
2991,-51.0
2992,-9.0
2993,-42.0
2994,-13.0
2995,-44.0
2996,-8.0
2997,-61.0
2998,-7.0
2999,3.0
3000,-58.0
3001,-65.0
3002,-27.0
3003,-39.0
3004,1.0
3005,-53.0
3006,-42.0
3007,6.0
3008,-19.0
3009,-16.0
3010,-39.0
3011,-29.0
3012,5.0
3013,-19.0
3014,-39.0
3015,-56.0
3016,-44.0
3017,-6.0
3018,5.0
3019,-38.0
3020,-42.0
3021,-10.0
3022,3.0
3023,-22.0
3024,-12.0
3025,-24.0
3026,0.0
3027,-46.0
3028,-2.0
3029,-41.0
3030,-17.0
3031,-62.0
3032,-16.0
3033,-6.0
3034,-22.0
3035,-8.0
3036,-117.0
3037,3.0
3038,-37.0
3039,3.0
3040,-28.0
3041,13.0
3042,-55.0
3043,-3.0
3044,-5.0
3045,-45.0
3046,-3.0
3047,5.0
3048,-24.0
3049,-11.0
3050,-10.0
3051,-97.0
3052,-51.0
3053,4.0
3054,8.0
3055,-49.0
3056,-6.0
3057,-34.0
3058,-6.0
3059,-6.0
3060,-28.0
3061,-67.0
3062,-32.0
3063,-33.0
3064,5.0
3065,-13.0
3066,-14.0
3067,-59.0
3068,-35.0
3069,-34.0
3070,-23.0
3071,-14.0
3072,-38.0
3073,-5.0
3074,10.0
3075,-13.0
3076,0.0
3077,11.0
3078,-67.0
3079,-30.0
3080,1.0
3081,-4.0
3082,-44.0
3083,-7.0
3084,-21.0
3085,-28.0
3086,-49.0
3087,-26.0
3088,-6.0
3089,-47.0
3090,-67.0
3091,-1.0
3092,2.0
3093,-15.0
3094,-9.0
3095,-24.0
3096,-31.0
3097,-43.0
3098,-24.0
3099,-2.0
3100,7.0
3101,-6.0
3102,1.0
3103,-20.0
3104,-36.0
3105,-15.0
3106,9.0
3107,-8.0
3108,-23.0
3109,-16.0
3110,-3.0
3111,-24.0
3112,3.0
3113,-11.0
3114,-34.0
3115,-5.0
3116,5.0
3117,-15.0
3118,4.0
3119,-23.0
3120,-29.0
3121,-17.0
3122,-14.0
3123,-28.0
3124,-29.0
3125,-39.0
3126,-11.0
3127,-45.0
3128,-35.0
3129,-27.0
3130,4.0
3131,-5.0
3132,9.0
3133,-68.0
3134,12.0
3135,-36.0
3136,2.0
3137,11.0
3138,-1.0
3139,-122.0
3140,-9.0
3141,-6.0
3142,-11.0
3143,-68.0
3144,-24.0
3145,-11.0
3146,-8.0
3147,-18.0
3148,-1.0
3149,1.0
3150,-74.0
3151,-8.0
3152,14.0
3153,-14.0
3154,-31.0
3155,-70.0
3156,-19.0
3157,-20.0
3158,-37.0
3159,-30.0
3160,-36.0
3161,4.0
3162,-24.0
3163,-26.0
3164,-74.0
3165,-34.0
3166,-24.0
3167,-3.0
3168,12.0
3169,-9.0
3170,-51.0
3171,-36.0
3172,-21.0
3173,-100.0
3174,-53.0
3175,-11.0
3176,-24.0
3177,13.0
3178,2.0
3179,-14.0
3180,-18.0
3181,-1.0
3182,-31.0
3183,-10.0
3184,-10.0
3185,-33.0
3186,-44.0
3187,-20.0
3188,-16.0
3189,6.0
3190,10.0
3191,-27.0
3192,-9.0
3193,-27.0
3194,6.0
3195,-4.0
3196,-17.0
3197,-41.0
3198,-13.0
3199,-7.0
3200,0.0
3201,-53.0
3202,-25.0
3203,-21.0
3204,-22.0
3205,-14.0
3206,-12.0
3207,-18.0
3208,-35.0
3209,-23.0
3210,2.0
3211,-49.0
3212,14.0
3213,-62.0
3214,-61.0
3215,-1.0
3216,-18.0
3217,-56.0
3218,-19.0
3219,-15.0
3220,-42.0
3221,-34.0
3222,-3.0
3223,-14.0
3224,-2.0
3225,-14.0
3226,-17.0
3227,-38.0
3228,-19.0
3229,10.0
3230,5.0
3231,-62.0
3232,4.0
3233,-48.0
3234,-65.0
3235,-68.0
3236,-16.0
3237,-14.0
3238,-13.0
3239,-13.0
3240,-42.0
3241,-25.0
3242,-11.0
3243,-3.0
3244,-52.0
3245,-2.0
3246,-35.0
3247,-15.0
3248,-59.0
3249,-48.0
3250,-11.0
3251,-13.0
3252,-7.0
3253,4.0
3254,-17.0
3255,-52.0
3256,-10.0
3257,-26.0
3258,6.0
3259,-35.0
3260,-3.0
3261,-17.0
3262,-17.0
3263,12.0
3264,-58.0
3265,1.0
3266,-30.0
3267,-4.0
3268,14.0
3269,-6.0
3270,-3.0
3271,10.0
3272,-17.0
3273,-7.0
3274,1.0
3275,-15.0
3276,11.0
3277,-14.0
3278,-12.0
3279,-24.0
3280,-13.0
3281,3.0
3282,5.0
3283,-19.0
3284,-40.0
3285,-31.0
3286,7.0
3287,-12.0
3288,7.0
3289,11.0
3290,-52.0
3291,-18.0
3292,-1.0
3293,-1.0
3294,-18.0
3295,-5.0
3296,-3.0
3297,-4.0
3298,10.0
3299,-21.0
3300,11.0
3301,-10.0
3302,7.0
3303,10.0
3304,-32.0
3305,10.0
3306,-12.0
3307,-8.0
3308,-2.0
3309,-38.0
3310,-34.0
3311,-14.0
3312,-39.0
3313,-4.0
3314,9.0
3315,-12.0
3316,-77.0
3317,-22.0
3318,-9.0
3319,2.0
3320,-55.0
3321,-31.0
3322,-32.0
3323,-8.0
3324,-36.0
3325,0.0
3326,-37.0
3327,-11.0
3328,-9.0
3329,-18.0
3330,-38.0
3331,-55.0
3332,-35.0
3333,1.0
3334,-2.0
3335,-13.0
3336,-24.0
3337,9.0
3338,-47.0
3339,9.0
3340,4.0
3341,-3.0
3342,-17.0
3343,3.0
3344,-34.0
3345,-91.0
3346,-8.0
3347,-30.0
3348,-3.0
3349,-17.0
3350,-7.0
3351,-16.0
3352,9.0
3353,-81.0
3354,-34.0
3355,8.0
3356,-22.0
3357,6.0
3358,-10.0
3359,9.0
3360,-10.0
3361,-3.0
3362,-44.0
3363,-5.0
3364,-23.0
3365,-6.0
3366,-6.0
3367,-31.0
3368,-12.0
3369,-11.0
3370,-11.0
3371,-24.0
3372,-23.0
3373,0.0
3374,-16.0
3375,-8.0
3376,-13.0
3377,2.0
3378,-2.0
3379,-24.0
3380,-4.0
3381,-19.0
3382,-49.0
3383,-27.0
3384,-30.0
3385,-28.0
3386,-30.0
3387,-5.0
3388,-13.0
3389,-34.0
3390,-16.0
3391,-12.0
3392,-16.0
3393,4.0
3394,7.0
3395,-18.0
3396,-20.0
3397,-35.0
3398,-81.0
3399,7.0
3400,-26.0
3401,2.0
3402,-8.0
3403,-20.0
3404,-1.0
3405,-22.0
3406,6.0
3407,12.0
3408,9.0
3409,-14.0
3410,0.0
3411,-23.0
3412,-35.0
3413,-22.0
3414,-12.0
3415,-2.0
3416,0.0
3417,13.0
3418,2.0
3419,7.0
3420,-2.0
3421,-37.0
3422,-3.0
3423,-25.0
3424,-17.0
3425,-13.0
3426,-3.0
3427,-29.0
3428,-21.0
3429,-9.0
3430,-44.0
3431,14.0
3432,-7.0
3433,9.0
3434,-8.0
3435,2.0
3436,-13.0
3437,-51.0
3438,-21.0
3439,-27.0
3440,8.0
3441,-37.0
3442,-13.0
3443,-7.0
3444,5.0
3445,-6.0
3446,-38.0
3447,-4.0
3448,-23.0
3449,-6.0
3450,-23.0
3451,-12.0
3452,-19.0
3453,0.0
3454,-5.0
3455,3.0
3456,8.0
3457,-4.0
3458,12.0
3459,6.0
3460,-32.0
3461,9.0
3462,-19.0
3463,-20.0
3464,-17.0
3465,-23.0
3466,-21.0
3467,-28.0
3468,-20.0
3469,12.0
3470,-4.0
3471,-6.0
3472,-1.0
3473,-16.0
3474,-23.0
3475,-13.0
3476,9.0
3477,-3.0
3478,2.0
3479,-78.0
3480,-4.0
3481,-4.0
3482,-10.0
3483,-34.0
3484,-4.0
3485,-3.0
3486,-31.0
3487,6.0
3488,-11.0
3489,-7.0
3490,2.0
3491,3.0
3492,7.0
3493,0.0
3494,-28.0
3495,-5.0
3496,12.0
3497,-12.0
3498,4.0
3499,-14.0
3500,-14.0
3501,-22.0
3502,-90.0
3503,9.0
3504,10.0
3505,-4.0
3506,-1.0
3507,13.0
3508,-11.0
3509,-13.0
3510,-5.0
3511,-39.0
3512,-19.0
3513,-26.0
3514,-46.0
3515,-37.0
3516,-26.0
3517,-4.0
3518,-14.0
3519,-39.0
3520,-8.0
3521,11.0
3522,-1.0
3523,-15.0
3524,-24.0
3525,-51.0
3526,-27.0
3527,-2.0
3528,-2.0
3529,4.0
3530,-5.0
3531,2.0
3532,-21.0
3533,-15.0
3534,-13.0
3535,-53.0
3536,-21.0
3537,12.0
3538,1.0
3539,-26.0
3540,-14.0
3541,-3.0
3542,4.0
3543,-4.0
3544,8.0
3545,-16.0
3546,-39.0
3547,-3.0
3548,-2.0
3549,11.0
3550,-13.0
3551,-35.0
3552,1.0
3553,-6.0
3554,6.0
3555,-8.0
3556,-18.0
3557,-17.0
3558,-8.0
3559,-27.0
3560,7.0
3561,-40.0
3562,6.0
3563,-15.0
3564,-8.0
3565,-9.0
3566,-2.0
3567,-44.0
3568,-9.0
3569,-26.0
3570,-9.0
3571,-14.0
3572,-41.0
3573,-19.0
3574,-19.0
3575,8.0
3576,-19.0
3577,0.0
3578,-5.0
3579,9.0
3580,-44.0
3581,-15.0
3582,-2.0
3583,0.0
3584,-28.0
3585,4.0
3586,-5.0
3587,-3.0
3588,-14.0
3589,-24.0
3590,-4.0
3591,-2.0
3592,-2.0
3593,-10.0
3594,8.0
3595,8.0
3596,13.0
3597,11.0
3598,-27.0
3599,-1.0
3600,1.0
3601,-7.0
3602,-36.0
3603,-20.0
3604,-20.0
3605,-1.0
3606,-25.0
3607,-7.0
3608,3.0
3609,-13.0
3610,-27.0
3611,7.0
3612,7.0
3613,7.0
3614,-7.0
3615,-4.0
3616,-29.0
3617,-6.0
3618,-21.0
3619,-16.0
3620,-12.0
3621,-12.0
3622,2.0
3623,-57.0
3624,-22.0
3625,11.0
3626,11.0
3627,-9.0
3628,-2.0
3629,-24.0
3630,-14.0
3631,10.0
3632,0.0
3633,-17.0
3634,-20.0
3635,1.0
3636,-23.0
3637,0.0
3638,1.0
3639,-9.0
3640,-5.0
3641,-27.0
3642,4.0
3643,13.0
3644,3.0
3645,-4.0
3646,2.0
3647,0.0
3648,3.0
3649,-2.0
3650,3.0
3651,6.0
3652,-39.0
3653,-5.0
3654,-3.0
3655,10.0
3656,-34.0
3657,-38.0
3658,-31.0
3659,-8.0
3660,-10.0
3661,-1.0
3662,13.0
3663,-23.0
3664,-16.0
3665,-35.0
3666,-11.0
3667,-24.0
3668,-34.0
3669,-34.0
3670,-17.0
3671,1.0
3672,-23.0
3673,-37.0
3674,10.0
3675,-9.0
3676,9.0
3677,-7.0
3678,-18.0
3679,-37.0
3680,-12.0
3681,-21.0
3682,-48.0
3683,0.0
3684,13.0
3685,0.0
3686,-10.0
3687,-4.0
3688,-17.0
3689,-6.0
3690,-42.0
3691,-3.0
3692,-27.0
3693,14.0
3694,9.0
3695,-20.0
3696,-28.0
3697,-49.0
3698,0.0
3699,-26.0
3700,-45.0
3701,-10.0
3702,-2.0
3703,-3.0
3704,-1.0
3705,-34.0
3706,-28.0
3707,0.0
3708,-54.0
3709,4.0
3710,10.0
3711,-6.0
3712,-1.0
3713,7.0
3714,5.0
3715,-42.0
3716,-28.0
3717,7.0
3718,11.0
3719,-29.0
3720,0.0
3721,10.0
3722,5.0
3723,-8.0
3724,-16.0
3725,-25.0
3726,-24.0
3727,-46.0
3728,-4.0
3729,6.0
3730,-5.0
3731,2.0
3732,-16.0
3733,2.0
3734,-26.0
3735,-9.0
3736,-29.0
3737,-55.0
3738,-6.0
3739,-27.0
3740,-24.0
3741,12.0
3742,8.0
3743,5.0
3744,-38.0
3745,-23.0
3746,13.0
3747,-2.0
3748,-12.0
3749,-14.0
3750,-35.0
3751,11.0
3752,5.0
3753,-13.0
3754,10.0
3755,0.0
3756,-9.0
3757,13.0
3758,1.0
3759,-40.0
3760,6.0
3761,-2.0
3762,-15.0
3763,-10.0
3764,6.0
3765,-23.0
3766,-17.0
3767,-4.0
3768,5.0
3769,-4.0
3770,8.0
3771,-2.0
3772,-2.0
3773,-9.0
3774,-7.0
3775,9.0
3776,-13.0
3777,-15.0
3778,-5.0
3779,-4.0
3780,-3.0
3781,-5.0
3782,-30.0
3783,4.0
3784,-1.0
3785,-15.0
3786,-1.0
3787,2.0
3788,8.0
3789,9.0
3790,6.0
3791,-28.0
3792,-2.0
3793,6.0
3794,-10.0
3795,8.0
3796,-2.0
3797,7.0
3798,13.0
3799,11.0
3800,0.0
3801,-22.0
3802,-4.0
3803,-26.0
3804,-5.0
3805,6.0
3806,0.0
3807,9.0
3808,7.0
3809,1.0
3810,-14.0
3811,-2.0
3812,-12.0
3813,6.0
3814,-44.0
3815,-2.0
3816,-15.0
3817,-4.0
3818,-28.0
3819,5.0
3820,-6.0
3821,-7.0
3822,13.0
3823,-8.0
3824,4.0
3825,8.0
3826,-10.0
3827,-10.0
3828,-1.0
3829,-10.0
3830,-34.0
3831,-4.0
3832,-16.0
3833,-5.0
3834,11.0
3835,-21.0
3836,10.0
3837,-1.0
3838,1.0
3839,-22.0
3840,3.0
3841,-13.0
3842,9.0
3843,-23.0
3844,2.0
3845,-38.0
3846,-3.0
3847,2.0
3848,-11.0
3849,-10.0
3850,8.0
3851,4.0
3852,-16.0
3853,-10.0
3854,1.0
3855,-3.0
3856,3.0
3857,-15.0
3858,-16.0
3859,-12.0
3860,-25.0
3861,-15.0
3862,-38.0
3863,-17.0
3864,-3.0
3865,-27.0
3866,-14.0
3867,-2.0
3868,-7.0
3869,-25.0
3870,-8.0
3871,11.0
3872,-25.0
3873,-5.0
3874,9.0
3875,0.0
3876,-55.0
3877,-9.0
3878,12.0
3879,-36.0
3880,-4.0
3881,3.0
3882,-10.0
3883,3.0
3884,4.0
3885,0.0
3886,-8.0
3887,-11.0
3888,-26.0
3889,2.0
3890,1.0
3891,-1.0
3892,3.0
3893,-27.0
3894,-17.0
3895,-29.0
3896,8.0
3897,-11.0
3898,-2.0
3899,-33.0
3900,8.0
3901,-29.0
3902,-15.0
3903,-11.0
3904,1.0
3905,9.0
3906,15.0
3907,-4.0
3908,16.0
3909,8.0
3910,15.0
3911,-7.0
3912,-10.0
3913,-1.0
3914,-2.0
3915,3.0
3916,2.0
3917,5.0
3918,-13.0
3919,0.0
3920,-32.0
3921,-7.0
3922,2.0
3923,-6.0
3924,-4.0
3925,-21.0
3926,-10.0
3927,-4.0
3928,-12.0
3929,3.0
3930,10.0
3931,8.0
3932,8.0
3933,-21.0
3934,13.0
3935,-7.0
3936,-9.0
3937,-19.0
3938,-18.0
3939,1.0
3940,-12.0
3941,-30.0
3942,-21.0
3943,7.0
3944,-4.0
3945,-32.0
3946,-3.0
3947,6.0
3948,3.0
3949,9.0
3950,-28.0
3951,12.0
3952,-2.0
3953,7.0
3954,10.0
3955,9.0
3956,9.0
3957,10.0
3958,-3.0
3959,6.0
3960,-4.0
3961,-15.0
3962,-37.0
3963,-21.0
3964,-2.0
3965,11.0
3966,9.0
3967,8.0
3968,-11.0
3969,-15.0
3970,1.0
3971,-16.0
3972,-13.0
3973,-1.0
3974,13.0
3975,5.0
3976,9.0
3977,-15.0
3978,0.0
3979,6.0
3980,-17.0
3981,5.0
3982,-21.0
3983,-24.0
3984,8.0
3985,-2.0
3986,6.0
3987,11.0
3988,-6.0
3989,10.0
3990,-2.0
3991,-7.0
3992,4.0
3993,-25.0
3994,-15.0
3995,4.0
3996,1.0
3997,1.0
3998,-2.0
3999,4.0
4000,10.0
4001,11.0
4002,5.0
4003,10.0
4004,0.0
4005,-2.0
4006,-1.0
4007,0.0
4008,13.0
4009,-9.0
4010,-10.0
4011,-9.0
4012,12.0
4013,-2.0
4014,4.0
4015,5.0
4016,-24.0
4017,-1.0
4018,-2.0
4019,-10.0
4020,2.0
4021,-19.0
4022,6.0
4023,-2.0
4024,10.0
4025,-3.0
4026,-3.0
4027,-14.0
4028,6.0
4029,10.0
4030,-1.0
4031,-28.0
4032,0.0
4033,-5.0
4034,8.0
4035,14.0
4036,14.0
4037,-2.0
4038,13.0
4039,-19.0
4040,-33.0
4041,8.0
4042,-21.0
4043,-5.0
4044,6.0
4045,3.0
4046,-8.0
4047,8.0
4048,-4.0
4049,7.0
4050,-12.0
4051,4.0
4052,0.0
4053,7.0
4054,9.0
4055,-1.0
4056,3.0
4057,-12.0
4058,-1.0
4059,11.0
4060,1.0
4061,-2.0
4062,-6.0
4063,-16.0
4064,11.0
4065,6.0
4066,12.0
4067,8.0
4068,5.0
4069,10.0
4070,-3.0
4071,-2.0
4072,-12.0
4073,-25.0
4074,-2.0
4075,9.0
4076,2.0
4077,10.0
4078,11.0
4079,-13.0
4080,-11.0
4081,9.0
4082,-21.0
4083,4.0
4084,-24.0
4085,-6.0
4086,0.0
4087,-20.0
4088,4.0
4089,10.0
4090,-12.0
4091,4.0
4092,11.0
4093,-16.0
4094,13.0
4095,12.0
4096,2.0
4097,-1.0
4098,-3.0
4099,-4.0
4100,-3.0
4101,-4.0
4102,-25.0
4103,-23.0
4104,1.0
4105,-13.0
4106,-9.0
4107,12.0
4108,-5.0
4109,14.0
4110,1.0
4111,-11.0
4112,-17.0
4113,1.0
4114,-6.0
4115,-3.0
4116,-4.0
4117,12.0
4118,-14.0
4119,-19.0
4120,1.0
4121,3.0
4122,-12.0
4123,-9.0
4124,0.0
4125,-7.0
4126,-15.0
4127,-3.0
4128,-5.0
4129,-5.0
4130,-4.0
4131,7.0
4132,-2.0
4133,-10.0
4134,2.0
4135,0.0
4136,8.0
4137,1.0
4138,4.0
4139,1.0
4140,-2.0
4141,16.0
4142,-10.0
4143,-1.0
4144,-9.0
4145,-10.0
4146,10.0
4147,10.0
4148,-13.0
4149,7.0
4150,11.0
4151,-23.0
4152,-5.0
4153,8.0
4154,0.0
4155,3.0
4156,-1.0
4157,-3.0
4158,-7.0
4159,4.0
4160,-10.0
4161,-2.0
4162,8.0
4163,-13.0
4164,10.0
4165,-28.0
4166,11.0
4167,9.0
4168,-14.0
4169,-6.0
4170,6.0
4171,-15.0
4172,0.0
4173,13.0
4174,10.0
4175,-5.0
4176,13.0
4177,-7.0
4178,8.0
4179,13.0
4180,6.0
4181,-9.0
4182,-3.0
4183,9.0
4184,-1.0
4185,5.0
4186,-6.0
4187,2.0
4188,11.0
4189,3.0
4190,-15.0
4191,-16.0
4192,-5.0
4193,3.0
4194,10.0
4195,10.0
4196,-8.0
4197,12.0
4198,6.0
4199,9.0
4200,2.0
4201,9.0
4202,11.0
4203,5.0
4204,14.0
4205,-29.0
4206,-29.0
4207,1.0
4208,-9.0
4209,10.0
4210,12.0
4211,14.0
4212,11.0
4213,10.0
4214,5.0
4215,-15.0
4216,-33.0
4217,1.0
4218,-9.0
4219,-2.0
4220,-3.0
4221,-46.0
4222,11.0
4223,1.0
4224,-1.0
4225,-1.0
4226,12.0
4227,-11.0
4228,10.0
4229,11.0
4230,12.0
4231,0.0
4232,-10.0
4233,11.0
4234,-14.0
4235,-7.0
4236,-8.0
4237,6.0
4238,-15.0
4239,9.0
4240,9.0
4241,1.0
4242,8.0
4243,-5.0
4244,11.0
4245,10.0
4246,-2.0
4247,-2.0
4248,10.0
4249,-6.0
4250,-5.0
4251,5.0
4252,3.0
4253,-1.0
4254,2.0
4255,12.0
4256,-5.0
4257,-2.0
4258,9.0
4259,8.0
4260,7.0
4261,-13.0
4262,8.0
4263,-3.0
4264,3.0
4265,14.0
4266,1.0
4267,8.0
4268,14.0
4269,7.0
4270,11.0
4271,-20.0
4272,-1.0
4273,-2.0
4274,15.0
4275,11.0
4276,11.0
4277,-15.0
4278,-17.0
4279,10.0
4280,1.0
4281,-1.0
4282,13.0
4283,10.0
4284,-8.0
4285,11.0
4286,2.0
4287,-10.0
4288,9.0
4289,12.0
4290,9.0
4291,7.0
4292,-6.0
4293,7.0
4294,1.0
4295,12.0
4296,-6.0
4297,7.0
4298,-1.0
4299,5.0
4300,-21.0
4301,1.0
4302,-5.0
4303,11.0
4304,-5.0
4305,12.0
4306,-11.0
4307,2.0
4308,-2.0
4309,3.0
4310,0.0
4311,-4.0
4312,-2.0
4313,4.0
4314,13.0
4315,-1.0
4316,7.0
4317,13.0
4318,16.0
4319,-3.0
4320,3.0
4321,8.0
4322,3.0
4323,-17.0
4324,5.0
4325,1.0
4326,-29.0
4327,10.0
4328,1.0
4329,-5.0
4330,-37.0
4331,-3.0
4332,-14.0
4333,9.0
4334,1.0
4335,-5.0
4336,5.0
4337,-2.0
4338,-9.0
4339,-5.0
4340,11.0
4341,10.0
4342,11.0
4343,-2.0
4344,-2.0
4345,-4.0
4346,-6.0
4347,6.0
4348,-17.0
4349,-16.0
4350,8.0
4351,6.0
4352,-18.0
4353,9.0
4354,9.0
4355,-2.0
4356,-2.0
4357,-8.0
4358,-3.0
4359,-4.0
4360,11.0
4361,-4.0
4362,11.0
4363,6.0
4364,-22.0
4365,3.0
4366,10.0
4367,-5.0
4368,12.0
4369,-9.0
4370,14.0
4371,0.0
4372,11.0
4373,6.0
4374,0.0
4375,-4.0
4376,3.0
4377,10.0
4378,-17.0
4379,7.0
4380,12.0
4381,-13.0
4382,-9.0
4383,11.0
4384,-5.0
4385,-8.0
4386,-11.0
4387,-1.0
4388,7.0
4389,14.0
4390,8.0
4391,9.0
4392,-5.0
4393,-14.0
4394,14.0
4395,-1.0
4396,8.0
4397,-21.0
4398,6.0
4399,7.0
4400,8.0
4401,-2.0
4402,10.0
4403,6.0
4404,13.0
4405,0.0
4406,-2.0
4407,0.0
4408,9.0
4409,10.0
4410,10.0
4411,-11.0
4412,-8.0
4413,7.0
4414,8.0
4415,4.0
4416,6.0
4417,8.0
4418,7.0
4419,1.0
4420,5.0
4421,2.0
4422,-3.0
4423,8.0
4424,10.0
4425,3.0
4426,-13.0
4427,12.0
4428,4.0
4429,6.0
4430,6.0
4431,9.0
4432,-1.0
4433,6.0
4434,4.0
4435,-13.0
4436,9.0
4437,-14.0
4438,-6.0
4439,-3.0
4440,-3.0
4441,-1.0
4442,5.0
4443,10.0
4444,9.0
4445,4.0
4446,13.0
4447,-16.0
4448,6.0
4449,9.0
4450,3.0
4451,-10.0
4452,4.0
4453,11.0
4454,-6.0
4455,15.0
4456,11.0
4457,-16.0
4458,13.0
4459,12.0
4460,-14.0
4461,14.0
4462,9.0
4463,8.0
4464,-5.0
4465,6.0
4466,-58.0
4467,11.0
4468,-11.0
4469,8.0
4470,7.0
4471,10.0
4472,-2.0
4473,-12.0
4474,10.0
4475,-4.0
4476,7.0
4477,-12.0
4478,-1.0
4479,-3.0
4480,5.0
4481,8.0
4482,-2.0
4483,6.0
4484,-3.0
4485,13.0
4486,-2.0
4487,4.0
4488,-2.0
4489,-14.0
4490,1.0
4491,12.0
4492,4.0
4493,0.0
4494,11.0
4495,-5.0
4496,-5.0
4497,2.0
4498,-21.0
4499,12.0
4500,-2.0
4501,-10.0
4502,-15.0
4503,14.0
4504,5.0
4505,8.0
4506,-20.0
4507,-1.0
4508,10.0
4509,8.0
4510,5.0
4511,-3.0
4512,12.0
4513,11.0
4514,7.0
4515,11.0
4516,4.0
4517,3.0
4518,-3.0
4519,-26.0
4520,9.0
4521,-6.0
4522,-3.0
4523,11.0
4524,13.0
4525,12.0
4526,1.0
4527,-5.0
4528,5.0
4529,-20.0
4530,7.0
4531,14.0
4532,14.0
4533,-2.0
4534,14.0
4535,14.0
4536,9.0
4537,13.0
4538,11.0
4539,-4.0
4540,10.0
4541,-3.0
4542,15.0
4543,15.0
4544,-9.0
4545,9.0
4546,0.0
4547,-7.0
4548,8.0
4549,-1.0
4550,4.0
4551,4.0
4552,-3.0
4553,8.0
4554,-3.0
4555,3.0
4556,-7.0
4557,-11.0
4558,-3.0
4559,0.0
4560,10.0
4561,5.0
4562,11.0
4563,11.0
4564,12.0
4565,11.0
4566,11.0
4567,-10.0
4568,5.0
4569,3.0
4570,1.0
4571,8.0
4572,-10.0
4573,9.0
4574,9.0
4575,0.0
4576,9.0
4577,10.0
4578,7.0
4579,10.0
4580,5.0
4581,12.0
4582,2.0
4583,14.0
4584,-1.0
4585,11.0
4586,4.0
4587,5.0
4588,-7.0
4589,8.0
4590,-7.0
4591,7.0
4592,-12.0
4593,-4.0
4594,11.0
4595,-6.0
4596,0.0
4597,2.0
4598,7.0
4599,7.0
4600,8.0
4601,-2.0
4602,10.0
4603,-18.0
4604,-2.0
4605,-1.0
4606,2.0
4607,13.0
4608,8.0
4609,-1.0
4610,10.0
4611,-4.0
4612,11.0
4613,-1.0
4614,7.0
4615,-2.0
4616,8.0
4617,-11.0
4618,0.0
4619,11.0
4620,-8.0
4621,-17.0
4622,-8.0
4623,-23.0
4624,9.0
4625,10.0
4626,4.0
4627,-5.0
4628,11.0
4629,-1.0
4630,9.0
4631,7.0
4632,-9.0
4633,-12.0
4634,14.0
4635,-3.0
4636,-14.0
4637,7.0
4638,-5.0
4639,6.0
4640,11.0
4641,12.0
4642,12.0
4643,5.0
4644,12.0
4645,1.0
4646,-5.0
4647,9.0
4648,11.0
4649,2.0
4650,14.0
4651,6.0
4652,13.0
4653,-7.0
4654,5.0
4655,7.0
4656,1.0
4657,13.0
4658,0.0
4659,0.0
4660,0.0
4661,13.0
4662,0.0
4663,10.0
4664,-3.0
4665,-2.0
4666,6.0
4667,0.0
4668,-6.0
4669,12.0
4670,14.0
4671,-1.0
4672,4.0
4673,9.0
4674,8.0
4675,10.0
4676,7.0
4677,3.0
4678,0.0
4679,9.0
4680,9.0
4681,-2.0
4682,9.0
4683,-1.0
4684,14.0
4685,13.0
4686,9.0
4687,6.0
4688,1.0
4689,-8.0
4690,8.0
4691,12.0
4692,0.0
4693,12.0
4694,-12.0
4695,-1.0
4696,11.0
4697,14.0
4698,10.0
4699,10.0
4700,2.0
4701,4.0
4702,6.0
4703,6.0
4704,13.0
4705,7.0
4706,9.0
4707,9.0
4708,-7.0
4709,7.0
4710,7.0
4711,12.0
4712,5.0
4713,-5.0
4714,10.0
4715,12.0
4716,-6.0
4717,14.0
4718,13.0
4719,-2.0
4720,-14.0
4721,1.0
4722,9.0
4723,10.0
4724,-11.0
4725,6.0
4726,10.0
4727,11.0
4728,10.0
4729,-4.0
4730,8.0
4731,11.0
4732,15.0
4733,10.0
4734,13.0
4735,5.0
4736,8.0
4737,5.0
4738,5.0
4739,-3.0
4740,13.0
4741,7.0
4742,8.0
4743,13.0
4744,15.0
4745,14.0
4746,8.0
4747,-1.0
4748,13.0
4749,3.0
4750,14.0
4751,-1.0
4752,10.0
4753,8.0
4754,7.0
4755,8.0
4756,11.0
4757,0.0
4758,9.0
4759,-6.0
4760,11.0
4761,11.0
4762,7.0
4763,10.0
4764,6.0
4765,8.0
4766,10.0
4767,14.0
4768,11.0
4769,12.0
4770,5.0
4771,-1.0
4772,-3.0
4773,12.0
4774,13.0
4775,12.0
4776,9.0
4777,13.0
4778,10.0
4779,11.0
4780,12.0
4781,12.0
4782,9.0
4783,10.0
4784,-15.0
4785,10.0
4786,1.0
4787,11.0
4788,11.0
4789,12.0
4790,10.0
4791,9.0
4792,-1.0
4793,12.0
4794,11.0
4795,3.0
4796,7.0
4797,2.0
4798,4.0
4799,4.0
4800,7.0
4801,-4.0
4802,9.0
4803,16.0
4804,7.0
4805,11.0
4806,9.0
4807,11.0
4808,5.0
4809,12.0
4810,9.0
4811,-6.0
4812,9.0
4813,1.0
4814,10.0
4815,11.0
4816,11.0
4817,3.0
4818,1.0
4819,-7.0
4820,6.0
4821,-5.0
4822,11.0
4823,1.0
4824,14.0
4825,15.0
4826,6.0
4827,12.0
4828,11.0
4829,7.0
4830,-5.0
4831,-3.0
4832,9.0
4833,14.0
4834,4.0
4835,8.0
4836,12.0
4837,9.0
4838,12.0
4839,11.0
4840,10.0
4841,16.0
4842,-1.0
4843,4.0
4844,10.0
4845,10.0
4846,8.0
4847,7.0
4848,5.0
4849,9.0
4850,11.0
4851,10.0
4852,15.0
4853,9.0
4854,13.0
4855,8.0
4856,11.0
4857,9.0
4858,2.0
4859,12.0
4860,4.0
4861,0.0
4862,11.0
4863,12.0
4864,11.0
4865,13.0
4866,7.0
4867,1.0
4868,5.0
4869,11.0
4870,7.0
4871,9.0
4872,0.0
4873,-5.0
4874,5.0
4875,-10.0
4876,14.0
4877,13.0
4878,9.0
4879,13.0
4880,7.0
4881,12.0
4882,2.0
4883,8.0
4884,10.0
4885,1.0
4886,10.0
4887,14.0
4888,6.0
4889,14.0
4890,10.0
4891,6.0
4892,7.0
4893,8.0
4894,7.0
4895,-2.0
4896,-1.0
4897,11.0
4898,11.0
4899,1.0
4900,2.0
4901,11.0
4902,8.0
4903,0.0
4904,14.0
4905,-2.0
4906,11.0
4907,9.0
4908,-12.0
4909,10.0
4910,13.0
4911,10.0
4912,11.0
4913,10.0
4914,11.0
4915,-9.0
4916,12.0
4917,9.0
4918,10.0
4919,9.0
4920,10.0
4921,6.0
4922,7.0
4923,8.0
4924,12.0
4925,-2.0
4926,5.0
4927,13.0
4928,9.0
4929,7.0
4930,11.0
4931,6.0
4932,0.0
4933,6.0
4934,-3.0
4935,13.0
4936,11.0
4937,5.0
4938,2.0
4939,11.0
4940,-13.0
4941,0.0
4942,6.0
4943,12.0
4944,9.0
4945,7.0
4946,10.0
4947,9.0
4948,-1.0
4949,8.0
4950,10.0
4951,14.0
4952,13.0
4953,11.0
4954,13.0
4955,11.0
4956,7.0
4957,7.0
4958,10.0
4959,10.0
4960,12.0
4961,1.0
4962,13.0
4963,14.0
4964,9.0
4965,10.0
4966,10.0
4967,10.0
4968,14.0
4969,-13.0
4970,0.0
4971,14.0
4972,3.0
4973,8.0
4974,11.0
4975,8.0
4976,6.0
4977,15.0
4978,11.0
4979,9.0
4980,11.0
4981,12.0
4982,8.0
4983,-2.0
4984,12.0
4985,9.0
4986,15.0
4987,7.0
4988,6.0
4989,1.0
4990,13.0
4991,-2.0
4992,13.0
4993,-3.0
4994,10.0
4995,6.0
4996,11.0
4997,11.0
4998,6.0
4999,0.0
5000,-3.0
5001,8.0
5002,8.0
5003,10.0
5004,8.0
5005,8.0
5006,15.0
5007,9.0
5008,8.0
5009,12.0
5010,1.0
5011,11.0
5012,-2.0
5013,11.0
5014,7.0
5015,6.0
5016,14.0
5017,2.0
5018,10.0
5019,5.0
5020,5.0
5021,14.0
5022,10.0
5023,7.0
5024,8.0
5025,15.0
5026,5.0
5027,9.0
5028,13.0
5029,7.0
5030,-5.0
5031,10.0
5032,10.0
5033,10.0
5034,12.0
5035,10.0
5036,10.0
5037,8.0
5038,8.0
5039,-2.0
5040,11.0
5041,10.0
5042,11.0
5043,8.0
5044,11.0
5045,13.0
5046,6.0
5047,12.0
5048,2.0
5049,8.0
5050,6.0
5051,13.0
5052,10.0
5053,4.0
5054,7.0
5055,7.0
5056,-1.0
5057,-3.0
5058,3.0
5059,12.0
5060,6.0
5061,10.0
5062,8.0
5063,10.0
5064,12.0
5065,9.0
5066,11.0
5067,3.0
5068,4.0
5069,8.0
5070,11.0
5071,13.0
5072,9.0
5073,6.0
5074,8.0
5075,9.0
5076,6.0
5077,4.0
5078,9.0
5079,-1.0
5080,7.0
5081,6.0
5082,8.0
5083,6.0
5084,-1.0
5085,-5.0
5086,11.0
5087,0.0
5088,10.0
5089,3.0
5090,11.0
5091,12.0
5092,7.0
5093,1.0
5094,6.0
5095,11.0
5096,12.0
5097,2.0
5098,11.0
5099,7.0
5100,13.0
5101,12.0
5102,10.0
5103,-2.0
5104,2.0
5105,10.0
5106,13.0
5107,9.0
5108,2.0
5109,11.0
5110,-9.0
5111,10.0
5112,11.0
5113,11.0
5114,11.0
5115,12.0
5116,12.0
5117,10.0
5118,13.0
5119,8.0
5120,8.0
5121,5.0
5122,10.0
5123,-3.0
5124,11.0
5125,6.0
5126,12.0
5127,9.0
5128,14.0
5129,9.0
5130,-12.0
5131,11.0
5132,5.0
5133,6.0
5134,7.0
5135,-3.0
5136,12.0
5137,8.0
5138,12.0
5139,11.0
5140,13.0
5141,8.0
5142,-5.0
5143,11.0
5144,-1.0
5145,0.0
5146,11.0
5147,-1.0
5148,12.0
5149,8.0
5150,13.0
5151,12.0
5152,8.0
5153,14.0
5154,14.0
5155,6.0
5156,8.0
5157,2.0
5158,5.0
5159,13.0
5160,7.0
5161,14.0
5162,8.0
5163,8.0
5164,6.0
5165,6.0
5166,11.0
5167,8.0
5168,13.0
5169,11.0
5170,15.0
5171,9.0
5172,-4.0
5173,6.0
5174,-1.0
5175,9.0
5176,-1.0
5177,9.0
5178,2.0
5179,13.0
5180,9.0
5181,13.0
5182,6.0
5183,9.0
5184,12.0
5185,8.0
5186,4.0
5187,13.0
5188,-2.0
5189,12.0
5190,8.0
5191,7.0
5192,13.0
5193,3.0
5194,10.0
5195,11.0
5196,14.0
5197,7.0
5198,6.0
5199,12.0
5200,11.0
5201,15.0
5202,7.0
5203,9.0
5204,6.0
5205,4.0
5206,14.0
5207,12.0
5208,-1.0
5209,7.0
5210,7.0
5211,7.0
5212,14.0
5213,-1.0
5214,4.0
5215,11.0
5216,10.0
5217,15.0
5218,13.0
5219,9.0
5220,6.0
5221,11.0
5222,10.0
5223,-7.0
5224,9.0
5225,9.0
5226,10.0
5227,12.0
5228,6.0
5229,11.0
5230,14.0
5231,6.0
5232,8.0
5233,14.0
5234,9.0
5235,11.0
5236,9.0
5237,15.0
5238,-3.0
5239,2.0
5240,4.0
5241,4.0
5242,0.0
5243,0.0
5244,3.0
5245,12.0
5246,9.0
5247,7.0
5248,2.0
5249,3.0
5250,8.0
5251,11.0
5252,1.0
5253,13.0
5254,8.0
5255,12.0
5256,-1.0
5257,1.0
5258,12.0
5259,11.0
5260,8.0
5261,14.0
5262,10.0
5263,7.0
5264,12.0
5265,5.0
5266,9.0
5267,7.0
5268,5.0
5269,10.0
5270,-2.0
5271,5.0
5272,-5.0
5273,10.0
5274,11.0
5275,11.0
5276,9.0
5277,7.0
5278,10.0
5279,-1.0
5280,11.0
5281,8.0
5282,10.0
5283,13.0
5284,9.0
5285,11.0
5286,2.0
5287,7.0
5288,14.0
5289,14.0
5290,9.0
5291,4.0
5292,6.0
5293,0.0
5294,8.0
5295,14.0
5296,11.0
5297,13.0
5298,13.0
5299,-3.0
5300,8.0
5301,14.0
5302,12.0
5303,1.0
5304,13.0
5305,5.0
5306,11.0
5307,6.0
5308,8.0
5309,13.0
5310,12.0
5311,6.0
5312,12.0
5313,6.0
5314,12.0
5315,-8.0
5316,7.0
5317,11.0
5318,12.0
5319,11.0
5320,11.0
5321,-1.0
5322,3.0
5323,10.0
5324,7.0
5325,11.0
5326,8.0
5327,6.0
5328,7.0
5329,13.0
5330,7.0
5331,12.0
5332,-4.0
5333,7.0
5334,13.0
5335,8.0
5336,-3.0
5337,8.0
5338,8.0
5339,7.0
5340,13.0
5341,5.0
5342,10.0
5343,5.0
5344,9.0
5345,0.0
5346,11.0
5347,7.0
5348,11.0
5349,8.0
5350,12.0
5351,-1.0
5352,6.0
5353,8.0
5354,13.0
5355,4.0
5356,14.0
5357,13.0
5358,7.0
5359,8.0
5360,14.0
5361,6.0
5362,8.0
5363,13.0
5364,11.0
5365,12.0
5366,10.0
5367,7.0
5368,11.0
5369,12.0
5370,6.0
5371,-1.0
5372,9.0
5373,11.0
5374,11.0
5375,11.0
5376,-7.0
5377,7.0
5378,12.0
5379,8.0
5380,8.0
5381,1.0
5382,13.0
5383,1.0
5384,11.0
5385,11.0
5386,10.0
5387,0.0
5388,9.0
5389,8.0
5390,13.0
5391,14.0
5392,8.0
5393,10.0
5394,-7.0
5395,11.0
5396,4.0
5397,4.0
5398,11.0
5399,6.0
5400,14.0
5401,7.0
5402,9.0
5403,11.0
5404,8.0
5405,12.0
5406,9.0
5407,10.0
5408,8.0
5409,-8.0
5410,13.0
5411,5.0
5412,4.0
5413,10.0
5414,11.0
5415,7.0
5416,10.0
5417,9.0
5418,-1.0
5419,-6.0
5420,15.0
5421,11.0
5422,10.0
5423,12.0
5424,7.0
5425,11.0
5426,14.0
5427,9.0
5428,10.0
5429,6.0
5430,13.0
5431,10.0
5432,13.0
5433,10.0
5434,11.0
5435,-11.0
5436,-2.0
5437,9.0
5438,0.0
5439,10.0
5440,2.0
5441,-2.0
5442,9.0
5443,12.0
5444,-7.0
5445,11.0
5446,8.0
5447,10.0
5448,6.0
5449,-2.0
5450,12.0
5451,9.0
5452,13.0
5453,13.0
5454,9.0
5455,10.0
5456,11.0
5457,9.0
5458,2.0
5459,13.0
5460,-1.0
5461,15.0
5462,12.0
5463,2.0
5464,-4.0
5465,6.0
5466,14.0
5467,5.0
5468,11.0
5469,13.0
5470,10.0
5471,7.0
5472,15.0
5473,10.0
5474,-3.0
5475,12.0
5476,7.0
5477,5.0
5478,-3.0
5479,8.0
5480,10.0
5481,4.0
5482,6.0
5483,13.0
5484,12.0
5485,12.0
5486,8.0
5487,-7.0
5488,11.0
5489,10.0
5490,9.0
5491,11.0
5492,6.0
5493,9.0
5494,7.0
5495,8.0
5496,6.0
5497,7.0
5498,0.0
5499,13.0
5500,9.0
5501,15.0
5502,-3.0
5503,13.0
5504,10.0
5505,-5.0
5506,-1.0
5507,9.0
5508,6.0
5509,-1.0
5510,15.0
5511,13.0
5512,6.0
5513,6.0
5514,10.0
5515,13.0
5516,7.0
5517,14.0
5518,8.0
5519,1.0
5520,3.0
5521,12.0
5522,9.0
5523,15.0
5524,15.0
5525,3.0
5526,14.0
5527,-2.0
5528,9.0
5529,13.0
5530,9.0
5531,2.0
5532,11.0
5533,12.0
5534,6.0
5535,7.0
5536,13.0
5537,5.0
5538,12.0
5539,-3.0
5540,11.0
5541,11.0
5542,-2.0
5543,14.0
5544,15.0
5545,-14.0
5546,15.0
5547,2.0
5548,8.0
5549,11.0
5550,6.0
5551,2.0
5552,15.0
5553,9.0
5554,-12.0
5555,7.0
5556,7.0
5557,-10.0
5558,8.0
5559,15.0
5560,10.0
5561,13.0
5562,8.0
5563,12.0
5564,6.0
5565,13.0
5566,8.0
5567,11.0
5568,7.0
5569,9.0
5570,-1.0
5571,12.0
5572,1.0
5573,8.0
5574,9.0
5575,3.0
5576,9.0
5577,11.0
5578,11.0
5579,5.0
5580,9.0
5581,0.0
5582,8.0
5583,8.0
5584,2.0
5585,0.0
5586,11.0
5587,11.0
5588,11.0
5589,6.0
5590,12.0
5591,-4.0
5592,7.0
5593,6.0
5594,4.0
5595,7.0
5596,8.0
5597,15.0
5598,10.0
5599,-2.0
5600,9.0
5601,11.0
5602,11.0
5603,12.0
5604,5.0
5605,11.0
5606,-4.0
5607,11.0
5608,10.0
5609,-6.0
5610,10.0
5611,5.0
5612,10.0
5613,-4.0
5614,8.0
5615,8.0
5616,8.0
5617,15.0
5618,8.0
5619,7.0
5620,3.0
5621,9.0
5622,9.0
5623,10.0
5624,13.0
5625,13.0
5626,15.0
5627,0.0
5628,11.0
5629,3.0
5630,8.0
5631,3.0
5632,3.0
5633,12.0
5634,12.0
5635,5.0
5636,15.0
5637,13.0
5638,6.0
5639,2.0
5640,4.0
5641,11.0
5642,10.0
5643,4.0
5644,9.0
5645,7.0
5646,14.0
5647,11.0
5648,12.0
5649,10.0
5650,9.0
5651,9.0
5652,9.0
5653,12.0
5654,0.0
5655,2.0
5656,2.0
5657,13.0
5658,12.0
5659,12.0
5660,-5.0
5661,11.0
5662,9.0
5663,8.0
5664,5.0
5665,-4.0
5666,13.0
5667,9.0
5668,9.0
5669,11.0
5670,12.0
5671,8.0
5672,10.0
5673,9.0
5674,6.0
5675,-1.0
5676,13.0
5677,4.0
5678,12.0
5679,10.0
5680,12.0
5681,5.0
5682,13.0
5683,8.0
5684,10.0
5685,12.0
5686,11.0
5687,9.0
5688,12.0
5689,9.0
5690,4.0
5691,5.0
5692,0.0
5693,10.0
5694,6.0
5695,7.0
5696,6.0
5697,-1.0
5698,6.0
5699,8.0
5700,15.0
5701,11.0
5702,10.0
5703,-4.0
5704,10.0
5705,11.0
5706,14.0
5707,11.0
5708,12.0
5709,15.0
5710,11.0
5711,9.0
5712,12.0
5713,0.0
5714,8.0
5715,12.0
5716,0.0
5717,4.0
5718,14.0
5719,9.0
5720,10.0
5721,12.0
5722,5.0
5723,13.0
5724,13.0
5725,11.0
5726,8.0
5727,3.0
5728,4.0
5729,11.0
5730,12.0
5731,9.0
5732,10.0
5733,6.0
5734,9.0
5735,3.0
5736,11.0
5737,12.0
5738,14.0
5739,15.0
5740,10.0
5741,8.0
5742,4.0
5743,9.0
5744,14.0
5745,5.0
5746,10.0
5747,7.0
5748,8.0
5749,-4.0
5750,12.0
5751,6.0
5752,12.0
5753,3.0
5754,1.0
5755,4.0
5756,13.0
5757,11.0
5758,9.0
5759,10.0
5760,7.0
5761,13.0
5762,-3.0
5763,9.0
5764,10.0
5765,11.0
5766,10.0
5767,13.0
5768,11.0
5769,-1.0
5770,12.0
5771,7.0
5772,9.0
5773,14.0
5774,11.0
5775,5.0
5776,5.0
5777,9.0
5778,6.0
5779,7.0
5780,11.0
5781,8.0
5782,9.0
5783,1.0
5784,7.0
5785,11.0
5786,11.0
5787,15.0
5788,10.0
5789,0.0
5790,14.0
5791,9.0
5792,12.0
5793,7.0
5794,-3.0
5795,9.0
5796,2.0
5797,-5.0
5798,1.0
5799,14.0
5800,5.0
5801,7.0
5802,9.0
5803,12.0
5804,-2.0
5805,8.0
5806,0.0
5807,9.0
5808,11.0
5809,8.0
5810,11.0
5811,8.0
5812,11.0
5813,12.0
5814,9.0
5815,11.0
5816,7.0
5817,11.0
5818,14.0
5819,6.0
5820,10.0
5821,-1.0
5822,2.0
5823,11.0
5824,-1.0
5825,6.0
5826,11.0
5827,11.0
5828,10.0
5829,-4.0
5830,5.0
5831,11.0
5832,10.0
5833,8.0
5834,2.0
5835,12.0
5836,0.0
5837,4.0
5838,13.0
5839,13.0
5840,5.0
5841,10.0
5842,13.0
5843,8.0
5844,7.0
5845,7.0
5846,-3.0
5847,8.0
5848,0.0
5849,14.0
5850,13.0
5851,-13.0
5852,10.0
5853,6.0
5854,8.0
5855,9.0
5856,1.0
5857,9.0
5858,8.0
5859,12.0
5860,11.0
5861,-1.0
5862,2.0
5863,13.0
5864,11.0
5865,14.0
5866,7.0
5867,7.0
5868,0.0
5869,11.0
5870,8.0
5871,10.0
5872,6.0
5873,10.0
5874,8.0
5875,12.0
5876,9.0
5877,11.0
5878,14.0
5879,-1.0
5880,2.0
5881,0.0
5882,11.0
5883,7.0
5884,8.0
5885,14.0
5886,9.0
5887,8.0
5888,10.0
5889,14.0
5890,8.0
5891,8.0
5892,15.0
5893,10.0
5894,-3.0
5895,7.0
5896,8.0
5897,-7.0
5898,4.0
5899,15.0
5900,10.0
5901,9.0
5902,-2.0
5903,9.0
5904,9.0
5905,10.0
5906,9.0
5907,14.0
5908,10.0
5909,14.0
5910,11.0
5911,6.0
5912,7.0
5913,15.0
5914,3.0
5915,3.0
5916,10.0
5917,-1.0
5918,14.0
5919,9.0
5920,8.0
5921,12.0
5922,8.0
5923,7.0
5924,6.0
5925,8.0
5926,-5.0
5927,3.0
5928,10.0
5929,11.0
5930,13.0
5931,-3.0
5932,7.0
5933,9.0
5934,9.0
5935,-1.0
5936,7.0
5937,13.0
5938,7.0
5939,-11.0
5940,-2.0
5941,9.0
5942,9.0
5943,0.0
5944,9.0
5945,5.0
5946,13.0
5947,7.0
5948,12.0
5949,6.0
5950,10.0
5951,7.0
5952,6.0
5953,7.0
5954,12.0
5955,13.0
5956,3.0
5957,15.0
5958,8.0
5959,15.0
5960,13.0
5961,8.0
5962,2.0
5963,9.0
5964,13.0
5965,6.0
5966,8.0
5967,12.0
5968,16.0
5969,7.0
5970,11.0
5971,6.0
5972,12.0
5973,10.0
5974,-2.0
5975,5.0
5976,12.0
5977,8.0
5978,8.0
5979,7.0
5980,12.0
5981,-1.0
5982,10.0
5983,8.0
5984,0.0
5985,14.0
5986,11.0
5987,13.0
5988,9.0
5989,7.0
5990,9.0
5991,11.0
5992,5.0
5993,10.0
5994,10.0
5995,-1.0
5996,6.0
5997,12.0
5998,1.0
5999,11.0
6000,9.0
